SEALTAG_NC_FILE,TAG_ID,PROFILE_NUM,RRS412,RRS443,RRS490,RRS555,RRS670,PAR,KD490
/Volumes/Data/Work/SEALTAGS/Prydz/FLUO_LIGHT/PROCESSED/NC/ct157-F116-20_all_prof_PROCESSED.nc,ct157-F116-20,1,0.00321805924177165,0.0037180112674832,0.0042201534599850005,0.0022589063173846,0.00033920120055735005,66.13276290893555,0.0698437765240669
/Volumes/Data/Work/SEALTAGS/Prydz/FLUO_LIGHT/PROCESSED/NC/ct157-F116-20_all_prof_PROCESSED.nc,ct157-F116-20,20,0.0096355006098747,0.0084930006414651,0.0071917506866157,0.0022430005483329,0.0002702502533793,63.9566650390625,0.0422666668891906
/Volumes/Data/Work/SEALTAGS/Prydz/FLUO_LIGHT/PROCESSED/NC/ct157-F116-20_all_prof_PROCESSED.nc,ct157-F116-20,36,0.0070808868152661,0.0063884264887555005,0.0064950316507173,0.0030183300228887335,0.00036477291825826665,61.20191192626953,0.06182953715324396
/Volumes/Data/Work/SEALTAGS/Prydz/FLUO_LIGHT/PROCESSED/NC/ct157-F116-20_all_prof_PROCESSED.nc,ct157-F116-20,39,0.0080784005423386,0.0068125339845816,0.0061206673582394,0.0030021342138449,0.0003137342631816,60.62589263916016,0.0600210502743721
/Volumes/Data/Work/SEALTAGS/Prydz/FLUO_LIGHT/PROCESSED/NC/ct157-F118-20_all_prof_PROCESSED.nc,ct157-F118-20,7,0.00699423582238305,0.006165706936050799,0.0059045892866218495,0.0033904123393928,0.00049335367101075,62.44375991821289,0.07756399735808364
/Volumes/Data/Work/SEALTAGS/Prydz/FLUO_LIGHT/PROCESSED/NC/ct157-F118-20_all_prof_PROCESSED.nc,ct157-F118-20,17,0.010057249886018233,0.009015016556131033,0.007706296471533899,0.0023197211894309664,0.0002576546398577333,59.23129399617513,0.035614861796299566
/Volumes/Data/Work/SEALTAGS/Prydz/FLUO_LIGHT/PROCESSED/NC/ct157-F118-20_all_prof_PROCESSED.nc,ct157-F118-20,19,0.010851408912071425,0.009348247878323125,0.008410805900317175,0.002863741140736225,0.00031758324830802494,58.32837677001953,0.042176499962806646
/Volumes/Data/Work/SEALTAGS/Prydz/FLUO_LIGHT/PROCESSED/NC/ct157-F118-20_all_prof_PROCESSED.nc,ct157-F118-20,21,0.01051339077718906,0.009080093690741118,0.008880066178177241,0.00424133058548678,0.0004559539948841,55.94973602294922,0.061543494462966884
/Volumes/Data/Work/SEALTAGS/Prydz/FLUO_LIGHT/PROCESSED/NC/ct157-F118-20_all_prof_PROCESSED.nc,ct157-F118-20,18,0.01009796869606378,0.008881013028027799,0.00793140822506366,0.0025270968362201404,0.00026890958502974,59.38482894897461,0.039564922451972906
/Volumes/Data/Work/SEALTAGS/Prydz/FLUO_LIGHT/PROCESSED/NC/ct157-F118-20_all_prof_PROCESSED.nc,ct157-F118-20,22,0.01074926893518976,0.00923285564541618,0.008777173011521061,0.00386132819413696,0.00041068674759096,57.5741584777832,0.05591039881110188
/Volumes/Data/Work/SEALTAGS/Prydz/FLUO_LIGHT/PROCESSED/NC/ct157-F118-20_all_prof_PROCESSED.nc,ct157-F118-20,20,0.0111591310604758,0.0097622610628604,0.0087440875561341,0.0031053921126801,0.00035060942173,55.855918884277344,0.0441279932856559
/Volumes/Data/Work/SEALTAGS/Prydz/FLUO_LIGHT/PROCESSED/NC/ct157-F118-20_all_prof_PROCESSED.nc,ct157-F118-20,25,0.010527632467406933,0.009549378690307166,0.009694595503978134,0.004964209818059433,0.0006480753526133,56.231004079182945,0.06600689888000487
/Volumes/Data/Work/SEALTAGS/Prydz/FLUO_LIGHT/PROCESSED/NC/ct157-F118-20_all_prof_PROCESSED.nc,ct157-F118-20,26,0.0082657150924205,0.0079832861998251,0.00874071488423,0.0051057149789163,0.0007090012409857,55.45344161987305,0.0779759958386421
/Volumes/Data/Work/SEALTAGS/Prydz/FLUO_LIGHT/PROCESSED/NC/ct157-F118-20_all_prof_PROCESSED.nc,ct157-F118-20,71,0.0051113924477249,0.0031824340267727,0.0037912011456985497,0.0028861005324869998,0.0005189341648171,37.41787910461426,0.11173599585890764
/Volumes/Data/Work/SEALTAGS/Prydz/FLUO_LIGHT/PROCESSED/NC/ct157-F118-20_all_prof_PROCESSED.nc,ct157-F118-20,80,0.004576500769537534,0.0035857914240765335,0.0036178997204026667,0.004930974191261601,0.0011659857557385332,34.251784006754555,0.29389065504074097
/Volumes/Data/Work/SEALTAGS/Prydz/FLUO_LIGHT/PROCESSED/NC/ct157-F118-20_all_prof_PROCESSED.nc,ct157-F118-20,82,0.006051741198960728,0.004877843987181586,0.004697765392191229,0.0029725384069653575,0.00047788824208198574,33.82258115495954,0.08856599884373795
/Volumes/Data/Work/SEALTAGS/Prydz/FLUO_LIGHT/PROCESSED/NC/ct157-F118-20_all_prof_PROCESSED.nc,ct157-F118-20,87,0.0093860009478198,0.0062462232179111,0.0046042228738466,0.0018508902026547,0.0002213339838716,32.41166305541992,0.0499833337962627
/Volumes/Data/Work/SEALTAGS/Prydz/FLUO_LIGHT/PROCESSED/NC/ct157-F118-20_all_prof_PROCESSED.nc,ct157-F118-20,364,0.0080291123853789,0.0059882232712374,0.0038437789513005,0.0023873344891601,0.0004464458260271,9.594725608825684,0.0849272683262825
/Volumes/Data/Work/SEALTAGS/Prydz/FLUO_LIGHT/PROCESSED/NC/ct157-F120-20_all_prof_PROCESSED.nc,ct157-F120-20,29,0.0105888901485337,0.0095417789287037,0.0084917785392867,0.0031728897657659,0.0004424456920888,56.18233871459961,0.0472500026226043
/Volumes/Data/Work/SEALTAGS/Prydz/FLUO_LIGHT/PROCESSED/NC/ct157-F120-20_all_prof_PROCESSED.nc,ct157-F120-20,39,0.0083752008154988,0.0076674005016684,0.0068074000999331,0.00209710076451295,0.0002662006765604,51.96027946472168,0.03801666758954525
/Volumes/Data/Work/SEALTAGS/Prydz/FLUO_LIGHT/PROCESSED/NC/ct157-F120-20_all_prof_PROCESSED.nc,ct157-F120-20,43,0.0070147294989403005,0.007306212725685521,0.00603465710462808,0.0015925369561614403,0.0001716293120647006,50.16682739257813,0.02964466474950308
/Volumes/Data/Work/SEALTAGS/Prydz/FLUO_LIGHT/PROCESSED/NC/ct157-F120-20_all_prof_PROCESSED.nc,ct157-F120-20,44,0.007555689758124181,0.007501654192732481,0.00612657234274472,0.0016255098534256201,0.00020539868694552,49.17098617553711,0.029854110628366442
/Volumes/Data/Work/SEALTAGS/Prydz/FLUO_LIGHT/PROCESSED/NC/ct157-F120-20_all_prof_PROCESSED.nc,ct157-F120-20,56,0.0089030019007623,0.0080490009859204,0.0062862513586878,0.0020170016214251,0.0002847509458661,44.194801330566406,0.0388399995863437
/Volumes/Data/Work/SEALTAGS/Prydz/FLUO_LIGHT/PROCESSED/NC/ct157-F120-20_all_prof_PROCESSED.nc,ct157-F120-20,76,0.006925093080648984,0.006492187822765133,0.005934369241504651,0.0018689914621751666,0.00027005822687135,36.81024297078451,0.03780177794396874
/Volumes/Data/Work/SEALTAGS/Prydz/FLUO_LIGHT/PROCESSED/NC/ct157-F120-20_all_prof_PROCESSED.nc,ct157-F120-20,75,0.006955229392705584,0.006579165222690467,0.005958744611740566,0.0017577216892864166,0.00022695891083555,37.004252115885414,0.03468222108980015
/Volumes/Data/Work/SEALTAGS/Prydz/FLUO_LIGHT/PROCESSED/NC/ct157-F120-20_all_prof_PROCESSED.nc,ct157-F120-20,165,0.010403250676712767,0.008503000939353533,0.006201298641306933,0.0021253104676447333,0.0003708461299538333,18.72389856974284,0.041286057482163026
/Volumes/Data/Work/SEALTAGS/Prydz/FLUO_LIGHT/PROCESSED/NC/ct157-F120-20_all_prof_PROCESSED.nc,ct157-F120-20,333,0.0077830008231103,0.0056066252291202,0.0043180009815841,0.0014035012573003,0.0002257507294416,18.479389190673828,0.0421130396425724
/Volumes/Data/Work/SEALTAGS/Prydz/FLUO_LIGHT/PROCESSED/NC/ct160-338-20-N1_all_prof_PROCESSED.nc,ct160-338-20-N1,6,0.00484860738946328,0.00436831199046634,0.00436942975968114,0.00241530304153754,0.00036228753212418,64.26885223388672,0.07393599897623057
/Volumes/Data/Work/SEALTAGS/Prydz/FLUO_LIGHT/PROCESSED/NC/ct160-338-20-N1_all_prof_PROCESSED.nc,ct160-338-20-N1,7,0.0047533840590140795,0.00434244789354042,0.00435755041450848,0.00239767188987798,0.00035641100082978,64.3260383605957,0.07340167164802548
/Volumes/Data/Work/SEALTAGS/Prydz/FLUO_LIGHT/PROCESSED/NC/ct160-338-20-N1_all_prof_PROCESSED.nc,ct160-338-20-N1,10,0.0022382885195492003,0.002645288242788425,0.003201413935693375,0.0029349861808844998,0.000644128044904525,64.16555786132812,0.13981465622782704
/Volumes/Data/Work/SEALTAGS/Prydz/FLUO_LIGHT/PROCESSED/NC/ct160-338-20-N1_all_prof_PROCESSED.nc,ct160-338-20-N1,12,0.00311822548713678,0.00326758225125812,0.0034378459540621,0.0029635429746523,0.00064010050664204,64.18462219238282,0.12650568485260003
/Volumes/Data/Work/SEALTAGS/Prydz/FLUO_LIGHT/PROCESSED/NC/ct160-338-20-N1_all_prof_PROCESSED.nc,ct160-338-20-N1,11,0.0034189780429005404,0.00345920872667592,0.00356731250364744,0.00306021587819684,0.00065342968536744,64.21458435058594,0.1287917301058769
/Volumes/Data/Work/SEALTAGS/Prydz/FLUO_LIGHT/PROCESSED/NC/ct160-338-20-N1_all_prof_PROCESSED.nc,ct160-338-20-N1,13,0.0031293530358310496,0.0029574774330949753,0.002965669023279925,0.0024513894726685996,0.000526209538176125,63.7826042175293,0.11484494619071478
/Volumes/Data/Work/SEALTAGS/Prydz/FLUO_LIGHT/PROCESSED/NC/ct160-338-20-N1_all_prof_PROCESSED.nc,ct160-338-20-N1,17,0.0075588719997586,0.006547942946534599,0.0061674144898352665,0.002943931450345333,0.00033706521935843327,62.94324239095052,0.06117249156037963
/Volumes/Data/Work/SEALTAGS/Prydz/FLUO_LIGHT/PROCESSED/NC/ct160-338-20-N1_all_prof_PROCESSED.nc,ct160-338-20-N1,20,0.008077819239009451,0.0072423646395856495,0.00666245530274775,0.0023256374353712002,0.00028527358716180003,63.494110107421875,0.0445456020534038
/Volumes/Data/Work/SEALTAGS/Prydz/FLUO_LIGHT/PROCESSED/NC/ct160-338-20-N1_all_prof_PROCESSED.nc,ct160-338-20-N1,18,0.007594010177334449,0.0066209110640181,0.0062324358251995005,0.002935732064384275,0.00035753093275517497,62.89272975921631,0.06040178984403605
/Volumes/Data/Work/SEALTAGS/Prydz/FLUO_LIGHT/PROCESSED/NC/ct160-338-20-N1_all_prof_PROCESSED.nc,ct160-338-20-N1,21,0.009155582251720668,0.007999660980072534,0.006971610651022901,0.0023379888645142332,0.0002584803874874667,63.152854919433594,0.04137930274009697
/Volumes/Data/Work/SEALTAGS/Prydz/FLUO_LIGHT/PROCESSED/NC/ct160-338-20-N1_all_prof_PROCESSED.nc,ct160-338-20-N1,28,0.010069257412583351,0.0089792124091241,0.0070068469414343495,0.002123968842893,0.00022343678686475,61.120052337646484,0.0332810506224632
/Volumes/Data/Work/SEALTAGS/Prydz/FLUO_LIGHT/PROCESSED/NC/ct160-338-20-N1_all_prof_PROCESSED.nc,ct160-338-20-N1,29,0.012922183017839,0.0099160010841759,0.0075212733989412,0.0016960003836588,0.0002530918202616,61.26074981689453,0.0296375006437301
/Volumes/Data/Work/SEALTAGS/Prydz/FLUO_LIGHT/PROCESSED/NC/ct160-338-20-N1_all_prof_PROCESSED.nc,ct160-338-20-N1,30,0.0127564457555611,0.0097673340804047,0.0074268894063101,0.0016833332677682,0.0002608895301818,61.20256805419922,0.0298857130110263
/Volumes/Data/Work/SEALTAGS/Prydz/FLUO_LIGHT/PROCESSED/NC/ct160-338-20-N1_all_prof_PROCESSED.nc,ct160-338-20-N1,71,0.0134889202926195,0.01072504138103635,0.0083062232029859,0.0024519301198347,0.0002613947585676,54.337778091430664,0.0375166647136211
/Volumes/Data/Work/SEALTAGS/Prydz/FLUO_LIGHT/PROCESSED/NC/ct160-338-20-N1_all_prof_PROCESSED.nc,ct160-338-20-N1,81,0.0078544104471802,0.005925077246502,0.00586916811557275,0.0059029177452127,0.00092955617906725,51.90057182312012,0.1614783257246017
/Volumes/Data/Work/SEALTAGS/Prydz/FLUO_LIGHT/PROCESSED/NC/ct160-338-20-N1_all_prof_PROCESSED.nc,ct160-338-20-N1,93,0.0107262004166841,0.0078366011381149,0.0069934010505676,0.0068790011107921,0.0011830009520053,49.9658203125,0.1443636268377304
/Volumes/Data/Work/SEALTAGS/Prydz/FLUO_LIGHT/PROCESSED/NC/ct160-338-20-N1_all_prof_PROCESSED.nc,ct160-338-20-N1,96,0.0061595397284970495,0.0049032701645046,0.005349904191322001,0.00557493380844015,0.00082592384961355,49.70296287536621,0.1909210681915283
/Volumes/Data/Work/SEALTAGS/Prydz/FLUO_LIGHT/PROCESSED/NC/ct160-338-20-N1_all_prof_PROCESSED.nc,ct160-338-20-N1,98,0.0051918014883995,0.0037932008504867,0.0042668003588914,0.0049476008862257,0.0007090009748935,50.03013229370117,0.2303866893053054
/Volumes/Data/Work/SEALTAGS/Prydz/FLUO_LIGHT/PROCESSED/NC/ct160-338-20-N1_all_prof_PROCESSED.nc,ct160-338-20-N1,99,0.0053427503444254,0.0041367509402334,0.003999501466751,0.0034152506850659,0.0004670009948313,49.17060089111328,0.1246400028467178
/Volumes/Data/Work/SEALTAGS/Prydz/FLUO_LIGHT/PROCESSED/NC/ct160-338-20-N1_all_prof_PROCESSED.nc,ct160-338-20-N1,100,0.00809295902339115,0.006145626306533749,0.0057392093973854495,0.0049542922837038,0.0006916677424063,49.16948699951172,0.12664888054132456
/Volumes/Data/Work/SEALTAGS/Prydz/FLUO_LIGHT/PROCESSED/NC/ct160-338-20-N1_all_prof_PROCESSED.nc,ct160-338-20-N1,101,0.007894773263898133,0.005883372895833433,0.005760784291972667,0.0056991620610157,0.0008753234417073667,49.462389628092446,0.157705212632815
/Volumes/Data/Work/SEALTAGS/Prydz/FLUO_LIGHT/PROCESSED/NC/ct160-338-20-N1_all_prof_PROCESSED.nc,ct160-338-20-N1,183,0.0080377510748803,0.0039727515541017,0.0031787501648068,0.0030680005438625,0.0007102508097887,29.934724807739254,0.1706909090280532
/Volumes/Data/Work/SEALTAGS/Prydz/FLUO_LIGHT/PROCESSED/NC/ct160-338-20-N1_all_prof_PROCESSED.nc,ct160-338-20-N1,184,0.0065514451513687,0.0047836674170361,0.0039376674426926,0.0034913339962561,0.0007708898435036,29.63911819458008,0.1301759928464889
/Volumes/Data/Work/SEALTAGS/Prydz/FLUO_LIGHT/PROCESSED/NC/ct160-338-20-N1_all_prof_PROCESSED.nc,ct160-338-20-N1,329,0.0091608340541521,0.0097896680235862,0.0102173344542582,0.0078575008859237,0.0015896682937939,10.924158096313477,0.1071679964661598
/Volumes/Data/Work/SEALTAGS/Prydz/FLUO_LIGHT/PROCESSED/NC/ct160-338-20-N1_all_prof_PROCESSED.nc,ct160-338-20-N1,330,0.0087020011352641,0.0095378578241382,0.0095725719417844,0.0073548584644283,0.0013414296720709,11.205035209655762,0.1076000034809112
/Volumes/Data/Work/SEALTAGS/Prydz/FLUO_LIGHT/PROCESSED/NC/ct160-338-20-N1_all_prof_PROCESSED.nc,ct160-338-20-N1,362,0.0069593343262871,0.006695334178706,0.0051836678758263,0.0029860008507966,0.0001620004574457,9.301997184753418,0.0702250003814697
/Volumes/Data/Work/SEALTAGS/Prydz/FLUO_LIGHT/PROCESSED/NC/ct160-338-20-N1_all_prof_PROCESSED.nc,ct160-338-20-N1,363,0.0136828009039163,0.00653040073812,0.0044672012329101,0.0011476010084152,-0.0004131991416215,9.56316375732422,0.0303000006824731
/Volumes/Data/Work/SEALTAGS/Prydz/FLUO_LIGHT/PROCESSED/NC/ct160-338-20-N1_all_prof_PROCESSED.nc,ct160-338-20-N1,523,0.0051106009632349,0.0052382007241249,0.0046566016972064,0.0019100006669759,0.0002790015190839,11.049863815307615,0.0535866618156433
/Volumes/Data/Work/SEALTAGS/Prydz/FLUO_LIGHT/PROCESSED/NC/ct160-338-20-N1_all_prof_PROCESSED.nc,ct160-338-20-N1,524,0.0035967379808425,0.0041090536274408,0.0040457903554565,0.0016748428736862,0.0002729484909459,10.981597900390623,0.0526239909231662
/Volumes/Data/Work/SEALTAGS/Prydz/FLUO_LIGHT/PROCESSED/NC/ct160-338-20-N2_all_prof_PROCESSED.nc,ct160-338-20-N2,69,0.0095726009458303,0.0082092009484767,0.0062948007136583,0.0025460008531808,0.0005036003887653,24.7716007232666,0.0515200048685073
/Volumes/Data/Work/SEALTAGS/Prydz/FLUO_LIGHT/PROCESSED/NC/ct160-338-20-N2_all_prof_PROCESSED.nc,ct160-338-20-N2,89,0.0086738009005785,0.0076926004141569,0.0063196007162332,0.0025410007685422,0.0006208013743162,28.331497192382812,0.0516875013709068
/Volumes/Data/Work/SEALTAGS/Prydz/FLUO_LIGHT/PROCESSED/NC/ct160-338-20-N2_all_prof_PROCESSED.nc,ct160-338-20-N2,107,0.008717186530220468,0.007259829195858933,0.005541657247865567,0.0019587448323381,0.00030567419359393334,34.654972076416016,0.04341033225258187
/Volumes/Data/Work/SEALTAGS/Prydz/FLUO_LIGHT/PROCESSED/NC/ct160-338-20-N2_all_prof_PROCESSED.nc,ct160-338-20-N2,105,0.0067080108094073,0.0051617956675942996,0.0043189484626054,0.0012459484505511,0.00017114858187375,34.14873695373535,0.03563683852553365
/Volumes/Data/Work/SEALTAGS/Prydz/FLUO_LIGHT/PROCESSED/NC/ct160-338-20-N2_all_prof_PROCESSED.nc,ct160-338-20-N2,112,0.0083097508177161,0.0064502512104809,0.0048502516001462,0.0014625005424022,0.0002335011959075,35.694766998291016,0.0388307645916938
/Volumes/Data/Work/SEALTAGS/Prydz/FLUO_LIGHT/PROCESSED/NC/ct160-338-20-N2_all_prof_PROCESSED.nc,ct160-338-20-N2,120,0.0071307784981197,0.0063375563671191,0.0052655566897657,0.0019871120651563,0.0003356679032246,36.68263626098633,0.0475545488297939
/Volumes/Data/Work/SEALTAGS/Prydz/FLUO_LIGHT/PROCESSED/NC/ct160-338-20-N2_all_prof_PROCESSED.nc,ct160-338-20-N2,130,0.0071385004557669,0.0063142506405711,0.005354001186788,0.0014560003764927,0.0002010017633438,38.10699844360352,0.0314400009810924
/Volumes/Data/Work/SEALTAGS/Prydz/FLUO_LIGHT/PROCESSED/NC/ct160-338-20-N2_all_prof_PROCESSED.nc,ct160-338-20-N2,136,0.005172327085607749,0.0051155143379293,0.004434684796629125,0.001550386785406975,0.00020843020937135002,38.813557624816895,0.0427639996632933
/Volumes/Data/Work/SEALTAGS/Prydz/FLUO_LIGHT/PROCESSED/NC/ct160-338-20-N2_all_prof_PROCESSED.nc,ct160-338-20-N2,132,0.0104446671903133,0.0086151119321584,0.0066304453131225,0.0023762229830026,0.0003381121075815,38.392086029052734,0.0447565205395221
/Volumes/Data/Work/SEALTAGS/Prydz/FLUO_LIGHT/PROCESSED/NC/ct160-338-20-N2_all_prof_PROCESSED.nc,ct160-338-20-N2,143,0.0085198003798723,0.007345400750637,0.0056988004595041,0.0022320006042718,0.000279401615262,40.69230651855469,0.0461230725049972
/Volumes/Data/Work/SEALTAGS/Prydz/FLUO_LIGHT/PROCESSED/NC/ct160-338-20-N2_all_prof_PROCESSED.nc,ct160-338-20-N2,154,0.0062515565918551,0.005614445441299,0.0042937782903512,0.0012655564480357,0.0002124450272983,42.288330078125,0.0351333357393741
/Volumes/Data/Work/SEALTAGS/Prydz/FLUO_LIGHT/PROCESSED/NC/ct160-338-20-N2_all_prof_PROCESSED.nc,ct160-338-20-N2,177,0.007692462263199,0.0065930783748626,0.005750923202588,0.0021941547210399,0.0003349233705263,45.71266555786133,0.0482555516064167
/Volumes/Data/Work/SEALTAGS/Prydz/FLUO_LIGHT/PROCESSED/NC/ct160-338-20-N2_all_prof_PROCESSED.nc,ct160-338-20-N2,184,0.006504834141759601,0.0059338398832117665,0.005300268907809501,0.0021663820149288,0.0003007151896045,45.918479919433594,0.0518159978091716
/Volumes/Data/Work/SEALTAGS/Prydz/FLUO_LIGHT/PROCESSED/NC/ct160-338-20-N2_all_prof_PROCESSED.nc,ct160-338-20-N2,183,0.00588867751879495,0.005415277794356975,0.004844895774446026,0.00194535364970215,0.00023290452201770814,45.96574401855469,0.04892866685986515
/Volumes/Data/Work/SEALTAGS/Prydz/FLUO_LIGHT/PROCESSED/NC/ct160-338-20-N2_all_prof_PROCESSED.nc,ct160-338-20-N2,182,0.00593073805611505,0.0052246167160132,0.00468049099778425,0.0017633731604790501,0.0002559500362943,45.63437461853027,0.0462823640555143
/Volumes/Data/Work/SEALTAGS/Prydz/FLUO_LIGHT/PROCESSED/NC/ct160-338-20-N2_all_prof_PROCESSED.nc,ct160-338-20-N2,178,0.0075203539694056,0.0064609423279762,0.0056108245078255,0.002186706618351,0.000337648041108,45.8298454284668,0.0493360012769699
/Volumes/Data/Work/SEALTAGS/Prydz/FLUO_LIGHT/PROCESSED/NC/ct160-338-20-N2_all_prof_PROCESSED.nc,ct160-338-20-N2,179,0.0056106522070621,0.0051399605726104676,0.0046034450247104,0.0018561259480213334,0.0002495879774064333,45.56161753336588,0.04907992358009017
/Volumes/Data/Work/SEALTAGS/Prydz/FLUO_LIGHT/PROCESSED/NC/ct160-338-20-N2_all_prof_PROCESSED.nc,ct160-338-20-N2,192,0.0109390007952849,0.0084906676784157,0.0069293342530727,0.00308500106136,0.0004533343017101,48.20287322998047,0.0621000006794929
/Volumes/Data/Work/SEALTAGS/Prydz/FLUO_LIGHT/PROCESSED/NC/ct160-338-20-N2_all_prof_PROCESSED.nc,ct160-338-20-N2,221,0.0095145172749956,0.0077635841754575,0.0065232674280801504,0.00266391709446905,0.00032870074113204996,52.784912109375,0.05238124728202815
/Volumes/Data/Work/SEALTAGS/Prydz/FLUO_LIGHT/PROCESSED/NC/ct160-338-20-N2_all_prof_PROCESSED.nc,ct160-338-20-N2,223,0.006722402133550733,0.0057657199463357995,0.005228969161774034,0.0022583604703021666,0.00027231079301020004,53.06834030151367,0.05536955470840133
/Volumes/Data/Work/SEALTAGS/Prydz/FLUO_LIGHT/PROCESSED/NC/ct160-338-20-N2_all_prof_PROCESSED.nc,ct160-338-20-N2,247,0.00707357623614365,0.0059512766078114,0.0049751754850148495,0.0017426260281353501,0.0002048760652542,58.60555458068848,0.04434117488563055
/Volumes/Data/Work/SEALTAGS/Prydz/FLUO_LIGHT/PROCESSED/NC/ct160-338-20-N2_all_prof_PROCESSED.nc,ct160-338-20-N2,248,0.00723514167422595,0.0060268967327746,0.00499756439504295,0.00178546457636085,0.0002183374102142,58.64276313781738,0.0442334972321987
/Volumes/Data/Work/SEALTAGS/Prydz/FLUO_LIGHT/PROCESSED/NC/ct160-338-20-N2_all_prof_PROCESSED.nc,ct160-338-20-N2,259,0.006681964077331334,0.0058117417135724,0.0055286303783456,0.0024840008743382998,0.00033326015842173335,60.02959950764974,0.0578924417495727
/Volumes/Data/Work/SEALTAGS/Prydz/FLUO_LIGHT/PROCESSED/NC/ct160-338-20-N2_all_prof_PROCESSED.nc,ct160-338-20-N2,258,0.006504047655088,0.005658471253447167,0.005284487715592667,0.0023077484315989333,0.0003196125268809,60.01602681477865,0.0556782186031341
/Volumes/Data/Work/SEALTAGS/Prydz/FLUO_LIGHT/PROCESSED/NC/ct160-338-20-N2_all_prof_PROCESSED.nc,ct160-338-20-N2,267,0.0063586163406188,0.0057783086712543,0.0052987698179024,0.0022984625628361,0.0003630779683589,60.08149337768555,0.0520599968731403
/Volumes/Data/Work/SEALTAGS/Prydz/FLUO_LIGHT/PROCESSED/NC/ct160-338-20-N2_all_prof_PROCESSED.nc,ct160-338-20-N2,268,0.0065125460651787,0.0059387277473102,0.0054227279668504,0.0024270916526967,0.0004047284072095,60.08446502685547,0.0533692277967929
/Volumes/Data/Work/SEALTAGS/Prydz/FLUO_LIGHT/PROCESSED/NC/ct160-338-20-N2_all_prof_PROCESSED.nc,ct160-338-20-N2,314,0.0058225265851146,0.0053656854127582,0.00544326399502,0.0029388426950103,0.0004694748081659,65.49847412109375,0.0717040002346038
/Volumes/Data/Work/SEALTAGS/Prydz/FLUO_LIGHT/PROCESSED/NC/ct160-338-20-N2_all_prof_PROCESSED.nc,ct160-338-20-N2,313,0.005566737565555,0.0051176849948732,0.0051868432446529,0.0028700007027701,0.000466632607736,65.56631469726562,0.0732319951057434
/Volumes/Data/Work/SEALTAGS/Prydz/FLUO_LIGHT/PROCESSED/NC/ct160-338-20-N2_all_prof_PROCESSED.nc,ct160-338-20-N2,315,0.0038131258916109,0.0034927509259432,0.0035343752242624,0.0025368758942931,0.0004450008273124,65.6849594116211,0.0938640013337135
/Volumes/Data/Work/SEALTAGS/Prydz/FLUO_LIGHT/PROCESSED/NC/ct160-338-20-N2_all_prof_PROCESSED.nc,ct160-338-20-N2,316,0.0036546676937076,0.0033120005908939,0.003371889806456,0.0025326673769288,0.0004283340854777,65.68376159667969,0.0994560047984123
/Volumes/Data/Work/SEALTAGS/Prydz/FLUO_LIGHT/PROCESSED/NC/ct160-338-20-N2_all_prof_PROCESSED.nc,ct160-338-20-N2,318,0.0036130537720103,0.0030923166165226,0.003128737995499,0.0029328430169507,0.0007060009397958,66.76618194580078,0.1358909010887146
/Volumes/Data/Work/SEALTAGS/Prydz/FLUO_LIGHT/PROCESSED/NC/ct160-339-20_all_prof_PROCESSED.nc,ct160-339-20,10,0.003536859256335575,0.003334838444609375,0.003621535391010975,0.00288684684441705,0.0005301801110246,66.2800350189209,0.11246255785226818
/Volumes/Data/Work/SEALTAGS/Prydz/FLUO_LIGHT/PROCESSED/NC/ct160-339-20_all_prof_PROCESSED.nc,ct160-339-20,9,0.00352759005959795,0.003339969131218975,0.0036337530945580255,0.002808212084754625,0.0004971404186257,66.18116569519043,0.1076516099274158
/Volumes/Data/Work/SEALTAGS/Prydz/FLUO_LIGHT/PROCESSED/NC/ct160-339-20_all_prof_PROCESSED.nc,ct160-339-20,11,0.0032465455349542003,0.0031538631407896332,0.0034983846757657665,0.0029879843943989,0.0006023294399928,65.85973103841145,0.12277065714200334
/Volumes/Data/Work/SEALTAGS/Prydz/FLUO_LIGHT/PROCESSED/NC/ct160-339-20_all_prof_PROCESSED.nc,ct160-339-20,26,0.0076778756920248,0.007676625624299,0.0071558761410415,0.0026547503657639,0.0004578754305839,64.89056396484375,0.0467439927160739
/Volumes/Data/Work/SEALTAGS/Prydz/FLUO_LIGHT/PROCESSED/NC/ct160-339-20_all_prof_PROCESSED.nc,ct160-339-20,30,0.005714800581336,0.0051084004342556,0.0046092011034488,0.0025152001529932,0.0003842007368803,62.97576522827149,0.0772823542356491
/Volumes/Data/Work/SEALTAGS/Prydz/FLUO_LIGHT/PROCESSED/NC/ct160-339-20_all_prof_PROCESSED.nc,ct160-339-20,41,0.00565666726066005,0.004718667620586,0.00419183416912945,0.0024652787380748,0.0003144451313548,62.52602958679199,0.0756740905344486
/Volumes/Data/Work/SEALTAGS/Prydz/FLUO_LIGHT/PROCESSED/NC/ct160-339-20_all_prof_PROCESSED.nc,ct160-339-20,54,0.0061875004321336,0.0057512507773935,0.0056965011171996,0.002883500419557,0.0003917510621249,61.48560333251953,0.0672199949622154
/Volumes/Data/Work/SEALTAGS/Prydz/FLUO_LIGHT/PROCESSED/NC/ct160-339-20_all_prof_PROCESSED.nc,ct160-339-20,58,0.0065489479977833,0.0060265274032166,0.0055891587153861,0.002545895741174,0.0003092639932506,60.99772644042969,0.0544363595545291
/Volumes/Data/Work/SEALTAGS/Prydz/FLUO_LIGHT/PROCESSED/NC/ct160-339-20_all_prof_PROCESSED.nc,ct160-339-20,69,0.0110123163383258,0.0099121063555541,0.0089117906203395,0.0035864216716665,0.0003927379454437,60.6703987121582,0.0473760031163692
/Volumes/Data/Work/SEALTAGS/Prydz/FLUO_LIGHT/PROCESSED/NC/ct160-339-20_all_prof_PROCESSED.nc,ct160-339-20,137,0.0110176677505175,0.0102663344393173,0.0093330008288224,0.0031790010010202,0.0004391676435867,50.87587356567383,0.0419875010848045
/Volumes/Data/Work/SEALTAGS/Prydz/FLUO_LIGHT/PROCESSED/NC/ct160-339-20_all_prof_PROCESSED.nc,ct160-339-20,149,0.008989981122006467,0.0089782536443736,0.008387013762572434,0.0028145369751000995,0.00029366316521346666,48.22997156778971,0.038973443210124935
/Volumes/Data/Work/SEALTAGS/Prydz/FLUO_LIGHT/PROCESSED/NC/ct160-339-20_all_prof_PROCESSED.nc,ct160-339-20,164,0.0103685271583105,0.0100117902222432,0.0088221060210152,0.0030157903307362,0.0003826329974751,45.117523193359375,0.0388239994645118
/Volumes/Data/Work/SEALTAGS/Prydz/FLUO_LIGHT/PROCESSED/NC/ct160-339-20_all_prof_PROCESSED.nc,ct160-339-20,160,0.0110563344011704,0.010186334244079,0.0089938895155986,0.0026997785187429,0.0003373343497514,46.9835205078125,0.035471998155117
/Volumes/Data/Work/SEALTAGS/Prydz/FLUO_LIGHT/PROCESSED/NC/ct160-339-20_all_prof_PROCESSED.nc,ct160-339-20,151,0.009974695788980324,0.00948466215777565,0.008657349093204376,0.002809299719162075,0.00030939729882687497,48.84653377532959,0.038563566282391507
/Volumes/Data/Work/SEALTAGS/Prydz/FLUO_LIGHT/PROCESSED/NC/ct160-341-20_all_prof_PROCESSED.nc,ct160-341-20,5,0.0033246676127115,0.0033215569953123,0.0033355562223328,0.0026095567478073,0.0003484454419877,68.4023666381836,0.1092727184295654
/Volumes/Data/Work/SEALTAGS/Prydz/FLUO_LIGHT/PROCESSED/NC/ct160-341-20_all_prof_PROCESSED.nc,ct160-341-20,25,0.008681095929609351,0.0076989056690344,0.00690314367354385,0.0027018339328822,0.00038018315616575,66.68379592895508,0.049111995846033055
/Volumes/Data/Work/SEALTAGS/Prydz/FLUO_LIGHT/PROCESSED/NC/ct160-341-20_all_prof_PROCESSED.nc,ct160-341-20,26,0.0086882561268157,0.007756555528422533,0.006983425114934667,0.002751831553624,0.0004041927100219,65.82760111490886,0.04966666549444193
/Volumes/Data/Work/SEALTAGS/Prydz/FLUO_LIGHT/PROCESSED/NC/ct160-341-20_all_prof_PROCESSED.nc,ct160-341-20,50,0.007550872709506549,0.00661597532721665,0.00640770358343915,0.00310052389708845,0.00037526741432835,62.59059143066406,0.06135408766567705
/Volumes/Data/Work/SEALTAGS/Prydz/FLUO_LIGHT/PROCESSED/NC/ct160-341-20_all_prof_PROCESSED.nc,ct160-341-20,51,0.0080132972725011,0.006876417463300366,0.006674318434670533,0.0029702761365721334,0.0003663982316437333,62.99077224731445,0.057362181444962766
/Volumes/Data/Work/SEALTAGS/Prydz/FLUO_LIGHT/PROCESSED/NC/ct160-341-20_all_prof_PROCESSED.nc,ct160-341-20,53,0.0079908757470548,0.0068595006596297,0.00636325054802,0.0022830003872513,0.0002781257499009,63.32718276977539,0.0489181838929653
/Volumes/Data/Work/SEALTAGS/Prydz/FLUO_LIGHT/PROCESSED/NC/ct160-341-20_all_prof_PROCESSED.nc,ct160-341-20,54,0.008292334464689,0.0069341675067941,0.0064270005871852,0.0022025005891919,0.0002738339826464,63.06389236450195,0.0471999943256378
/Volumes/Data/Work/SEALTAGS/Prydz/FLUO_LIGHT/PROCESSED/NC/ct160-341-20_all_prof_PROCESSED.nc,ct160-341-20,78,0.008049123794442434,0.0064860372531293,0.006482997055005533,0.0031207809431684666,0.00037313417127033327,60.437618255615234,0.06287516653537743
/Volumes/Data/Work/SEALTAGS/Prydz/FLUO_LIGHT/PROCESSED/NC/ct160-341-20_all_prof_PROCESSED.nc,ct160-341-20,83,0.0094957005232572,0.0076408011838793,0.0062141004949808,0.0016553008928894,0.000195300579071,59.48051834106445,0.0295217372477054
/Volumes/Data/Work/SEALTAGS/Prydz/FLUO_LIGHT/PROCESSED/NC/ct160-341-20_all_prof_PROCESSED.nc,ct160-341-20,91,0.0035000514768648004,0.002566898521427167,0.0022419195228284665,0.003327599883794267,0.0008946570394304667,57.78709030151367,0.36459842324256897
/Volumes/Data/Work/SEALTAGS/Prydz/FLUO_LIGHT/PROCESSED/NC/ct160-341-20_all_prof_PROCESSED.nc,ct160-341-20,92,0.0047190006822347,0.0036230009049177,0.0030410006642341,0.0029156010597944,0.0006134007126092,57.83893966674805,0.1485333293676376
/Volumes/Data/Work/SEALTAGS/Prydz/FLUO_LIGHT/PROCESSED/NC/ct160-341-20_all_prof_PROCESSED.nc,ct160-341-20,125,0.00343911907776115,0.002910942460230375,0.0025263896192002496,0.002869167523912475,0.0007877631804214,51.2750244140625,0.21555419638752935
/Volumes/Data/Work/SEALTAGS/Prydz/FLUO_LIGHT/PROCESSED/NC/ct160-341-20_all_prof_PROCESSED.nc,ct160-341-20,127,0.004078833770344575,0.00317656844176325,0.00253335831502635,0.003042241397497925,0.00085365006413595,51.299227714538574,0.21850800141692162
/Volumes/Data/Work/SEALTAGS/Prydz/FLUO_LIGHT/PROCESSED/NC/ct160-341-20_all_prof_PROCESSED.nc,ct160-341-20,128,0.005739498346010686,0.004021960443917386,0.003070915042311386,0.0033447768306553573,0.0009820803841178714,51.39374814714704,0.22246169937508448
/Volumes/Data/Work/SEALTAGS/Prydz/FLUO_LIGHT/PROCESSED/NC/ct160-341-20_all_prof_PROCESSED.nc,ct160-341-20,136,0.00307841216110515,0.0028200344699952,0.00231767894907125,0.0031600008408228,0.0011003122147586499,49.34876823425293,0.34879037737846375
/Volumes/Data/Work/SEALTAGS/Prydz/FLUO_LIGHT/PROCESSED/NC/ct160-341-20_all_prof_PROCESSED.nc,ct160-341-20,134,0.0034677785717778,0.0028413343760702,0.0025643337931897,0.0028754449966881,0.0008140007654825,49.36408233642578,0.1952869445085525
/Volumes/Data/Work/SEALTAGS/Prydz/FLUO_LIGHT/PROCESSED/NC/ct160-341-20_all_prof_PROCESSED.nc,ct160-341-20,139,0.0043602865189313,0.002764858039362,0.0023068580776453,0.002169001049229,0.0004397149064711,49.118995666503906,0.1399333178997039
/Volumes/Data/Work/SEALTAGS/Prydz/FLUO_LIGHT/PROCESSED/NC/ct160-341-20_all_prof_PROCESSED.nc,ct160-341-20,138,0.0043602865189313,0.002764858039362,0.0023068580776453,0.002169001049229,0.0004397149064711,49.118995666503906,0.1399333178997039
/Volumes/Data/Work/SEALTAGS/Prydz/FLUO_LIGHT/PROCESSED/NC/ct160-341-20_all_prof_PROCESSED.nc,ct160-341-20,153,0.0035611555090565503,0.0024117312492116,0.00213431358018785,0.002497448212173,0.0005775038152932999,46.51987838745117,0.2145319804549217
/Volumes/Data/Work/SEALTAGS/Prydz/FLUO_LIGHT/PROCESSED/NC/ct160-341-20_all_prof_PROCESSED.nc,ct160-341-20,147,0.002445143780538,0.0020862868321793,0.0018387154809066,0.0025357146348272,0.0006691435618059,47.542118072509766,0.3140235245227813
/Volumes/Data/Work/SEALTAGS/Prydz/FLUO_LIGHT/PROCESSED/NC/ct160-341-20_all_prof_PROCESSED.nc,ct160-341-20,171,0.00396252909882195,0.0028105841742621,0.0025502231696413,0.00262444512918585,0.0006083898867169501,42.36152648925781,0.16848363727331161
/Volumes/Data/Work/SEALTAGS/Prydz/FLUO_LIGHT/PROCESSED/NC/ct160-341-20_all_prof_PROCESSED.nc,ct160-341-20,172,0.0040695015341043,0.0034995013847947,0.0031822510063648,0.003023250028491,0.0006940015591681,42.152000427246094,0.1419090926647186
/Volumes/Data/Work/SEALTAGS/Prydz/FLUO_LIGHT/PROCESSED/NC/ct160-341-20_all_prof_PROCESSED.nc,ct160-341-20,355,0.0066358619369566,0.0047757234424352,0.0040132505819201,0.0019882508139643,0.00038600086958865,22.076680183410645,0.06744724512100216
/Volumes/Data/Work/SEALTAGS/Prydz/FLUO_LIGHT/PROCESSED/NC/ct160-341-20_all_prof_PROCESSED.nc,ct160-341-20,362,0.004286926152075,0.00434024015478055,0.004002451874754001,0.0020018558584006998,0.00031061255026095,22.200275421142578,0.0629319995641708
/Volumes/Data/Work/SEALTAGS/Prydz/FLUO_LIGHT/PROCESSED/NC/ct160-341-20_all_prof_PROCESSED.nc,ct160-341-20,364,0.0068657669062135674,0.005870659540264433,0.0052232834831417,0.0019902925334087,0.00024614094754113334,22.339544932047527,0.0476266667246818
/Volumes/Data/Work/SEALTAGS/Prydz/FLUO_LIGHT/PROCESSED/NC/ct160-342-20_all_prof_PROCESSED.nc,ct160-342-20,22,0.010265848133712951,0.0088171607607768,0.0076284661319934,0.0024693343115763,0.00027598695467325,64.34276962280273,0.04147133417427535
/Volumes/Data/Work/SEALTAGS/Prydz/FLUO_LIGHT/PROCESSED/NC/ct160-342-20_all_prof_PROCESSED.nc,ct160-342-20,59,0.0108518132474273,0.0103600635193288,0.0091468130704015,0.0030025009764358002,0.0004176262300461,58.61689567565918,0.0396826677024364
/Volumes/Data/Work/SEALTAGS/Prydz/FLUO_LIGHT/PROCESSED/NC/ct160-342-20_all_prof_PROCESSED.nc,ct160-342-20,58,0.0096025887657614,0.0097951775088029,0.0089205886949511,0.0029164717039641,0.0003914127455038,58.45183944702149,0.0395279973745346
/Volumes/Data/Work/SEALTAGS/Prydz/FLUO_LIGHT/PROCESSED/NC/ct160-342-20_all_prof_PROCESSED.nc,ct160-342-20,57,0.0096645005978643,0.0098105010110884,0.0089435004629194,0.0029372512362897,0.0003917510621249,58.47416687011719,0.0397759974002838
/Volumes/Data/Work/SEALTAGS/Prydz/FLUO_LIGHT/PROCESSED/NC/ct160-342-20_all_prof_PROCESSED.nc,ct160-342-20,64,0.0111140012741088,0.0104733345409234,0.0092088898850811,0.0028317794203758,0.0003477786150243,57.53366470336914,0.0367499962449073
/Volumes/Data/Work/SEALTAGS/Prydz/FLUO_LIGHT/PROCESSED/NC/ct160-342-20_all_prof_PROCESSED.nc,ct160-342-20,67,0.010152139493988601,0.00931736164622835,0.00829330650675625,0.00247200076571765,0.0002798900111681,57.48072814941406,0.03502666577696795
/Volumes/Data/Work/SEALTAGS/Prydz/FLUO_LIGHT/PROCESSED/NC/ct160-342-20_all_prof_PROCESSED.nc,ct160-342-20,68,0.0105017130181454,0.009685632501516349,0.0086013447166534,0.0025350286968444,0.0002738083729095,57.33824348449707,0.034667998552322346
/Volumes/Data/Work/SEALTAGS/Prydz/FLUO_LIGHT/PROCESSED/NC/ct160-342-20_all_prof_PROCESSED.nc,ct160-342-20,76,0.0145776675393184,0.0125467791739437,0.010173667429222,0.0035315561625692,0.0004725561787684,56.244415283203125,0.0396416671574115
/Volumes/Data/Work/SEALTAGS/Prydz/FLUO_LIGHT/PROCESSED/NC/ct160-342-20_all_prof_PROCESSED.nc,ct160-342-20,82,0.0115550011396408,0.0100378004834055,0.0088016007095575,0.0023351008072495,0.0002741007134318,55.567684173583984,0.0334319993853569
/Volumes/Data/Work/SEALTAGS/Prydz/FLUO_LIGHT/PROCESSED/NC/ct160-342-20_all_prof_PROCESSED.nc,ct160-342-20,81,0.0122870004011525,0.0111202229228284,0.0094300005584955,0.0032030002524455,0.0003724456247356,55.41925048828125,0.0384083315730094
/Volumes/Data/Work/SEALTAGS/Prydz/FLUO_LIGHT/PROCESSED/NC/ct160-342-20_all_prof_PROCESSED.nc,ct160-342-20,89,0.0129940003777543,0.0116805008923014,0.0101850011075536,0.0032870008920629,0.0005630009497205,54.2354736328125,0.0390210524201393
/Volumes/Data/Work/SEALTAGS/Prydz/FLUO_LIGHT/PROCESSED/NC/ct160-342-20_all_prof_PROCESSED.nc,ct160-342-20,97,0.010275400802493,0.0092673009261488,0.0081548005342483,0.0028183009475469,0.0004333009943366,52.3936767578125,0.0424240007996559
/Volumes/Data/Work/SEALTAGS/Prydz/FLUO_LIGHT/PROCESSED/NC/ct160-342-20_all_prof_PROCESSED.nc,ct160-342-20,96,0.0101848427010209,0.0091773691145997,0.0081025271823531,0.0028298955998922,0.0004485273047497,52.375762939453125,0.043319996446371
/Volumes/Data/Work/SEALTAGS/Prydz/FLUO_LIGHT/PROCESSED/NC/ct160-342-20_all_prof_PROCESSED.nc,ct160-342-20,121,0.0112162112797561,0.0103676850466351,0.0092080008042486,0.0031522110496696,0.0005364220001195,50.028564453125,0.042079996317625
/Volumes/Data/Work/SEALTAGS/Prydz/FLUO_LIGHT/PROCESSED/NC/ct160-342-20_all_prof_PROCESSED.nc,ct160-342-20,120,0.0112266675051715,0.0103787788086467,0.0092167786012093,0.0031572226434946,0.0005387785947985,49.91367721557617,0.0421680025756359
/Volumes/Data/Work/SEALTAGS/Prydz/FLUO_LIGHT/PROCESSED/NC/ct160-342-20_all_prof_PROCESSED.nc,ct160-342-20,133,0.0097244384232908,0.00882587593514465,0.007752813515253349,0.00228375068400055,0.0002488134196028,47.93811798095703,0.0347600001841783
/Volumes/Data/Work/SEALTAGS/Prydz/FLUO_LIGHT/PROCESSED/NC/ct160-342-20_all_prof_PROCESSED.nc,ct160-342-20,134,0.00970235097532465,0.00877305079872405,0.0076959340833127,0.00225540048753215,0.000238467597713,47.94519805908203,0.03476399928331375
/Volumes/Data/Work/SEALTAGS/Prydz/FLUO_LIGHT/PROCESSED/NC/ct160-342-20_all_prof_PROCESSED.nc,ct160-342-20,182,0.0101382009685039,0.0085978008806705,0.0075016003102064,0.0022748008370399,0.0004286006093025,41.1998405456543,0.0397519990801811
/Volumes/Data/Work/SEALTAGS/Prydz/FLUO_LIGHT/PROCESSED/NC/ct160-342-20_all_prof_PROCESSED.nc,ct160-342-20,250,0.007338623123036433,0.0060283674134147995,0.005628445206416932,0.002395890156427967,0.0004069233520163,28.72397232055664,0.05378933499256763
/Volumes/Data/Work/SEALTAGS/Prydz/FLUO_LIGHT/PROCESSED/NC/ct160-342-20_all_prof_PROCESSED.nc,ct160-342-20,251,0.007312621458111367,0.006011795630620666,0.005591497675180933,0.0023979404526441664,0.0004182415965355666,28.678665161132812,0.0547386668622493
/Volumes/Data/Work/SEALTAGS/Prydz/FLUO_LIGHT/PROCESSED/NC/ct160-342-20_all_prof_PROCESSED.nc,ct160-342-20,248,0.0076796851660075,0.0068809484180651,0.0062051586022502,0.0026671588420867,0.0004995798594073,29.25063705444336,0.0560079962015152
/Volumes/Data/Work/SEALTAGS/Prydz/FLUO_LIGHT/PROCESSED/NC/ct160-918BAT-18_all_prof_PROCESSED.nc,ct160-918BAT-18,3,0.0041112009435892,0.0042414009571075,0.0042840007692575,0.0021118003875017,0.0003182008862495,66.61319732666016,0.0647066608071327
/Volumes/Data/Work/SEALTAGS/Prydz/FLUO_LIGHT/PROCESSED/NC/ct160-918BAT-18_all_prof_PROCESSED.nc,ct160-918BAT-18,19,0.00647709852060745,0.006205891971246125,0.00610471005028665,0.0028664361034924997,0.000395757534973375,63.70937442779541,0.058948000892996774
/Volumes/Data/Work/SEALTAGS/Prydz/FLUO_LIGHT/PROCESSED/NC/ct160-918BAT-18_all_prof_PROCESSED.nc,ct160-918BAT-18,21,0.0072623665659473,0.0067061719508507,0.006576434163074133,0.003142633448299133,0.0004278794360848,62.30648549397787,0.06108644480506573
/Volumes/Data/Work/SEALTAGS/Prydz/FLUO_LIGHT/PROCESSED/NC/ct160-918BAT-18_all_prof_PROCESSED.nc,ct160-918BAT-18,20,0.0068573408054582495,0.00625357531537905,0.00623784263552435,0.002911374905156025,0.00040683055465865,63.09140586853027,0.05945682339370245
/Volumes/Data/Work/SEALTAGS/Prydz/FLUO_LIGHT/PROCESSED/NC/ct160-918BAT-18_all_prof_PROCESSED.nc,ct160-918BAT-18,22,0.0087522501125931,0.0074505005031824,0.0070270006544888,0.0036230008117854,0.0005157515406608,62.72200012207031,0.0633555501699447
/Volumes/Data/Work/SEALTAGS/Prydz/FLUO_LIGHT/PROCESSED/NC/ct160-918BAT-18_all_prof_PROCESSED.nc,ct160-918BAT-18,26,0.008771193168937801,0.0072785837944337505,0.0070834018907603505,0.0044337227581975,0.00054479776856725,60.58205223083496,0.0821553617715835
/Volumes/Data/Work/SEALTAGS/Prydz/FLUO_LIGHT/PROCESSED/NC/ct160-918BAT-18_all_prof_PROCESSED.nc,ct160-918BAT-18,25,0.01011055664469795,0.008333601285186,0.0074623672705557,0.00397743421296275,0.00045831220017535004,61.620689392089844,0.06538677215576165
/Volumes/Data/Work/SEALTAGS/Prydz/FLUO_LIGHT/PROCESSED/NC/ct160-918BAT-18_all_prof_PROCESSED.nc,ct160-918BAT-18,27,0.0088804006576538,0.007311001047492,0.007013601437211,0.0035606008023023,0.0003982011228799,61.3466682434082,0.0688266605138778
/Volumes/Data/Work/SEALTAGS/Prydz/FLUO_LIGHT/PROCESSED/NC/ct160-918BAT-18_all_prof_PROCESSED.nc,ct160-918BAT-18,33,0.0055529012180426,0.0046333662398597,0.005122036114335,0.00672831266899315,0.0011773889226948,59.5762939453125,0.26401864737272257
/Volumes/Data/Work/SEALTAGS/Prydz/FLUO_LIGHT/PROCESSED/NC/ct160-918BAT-18_all_prof_PROCESSED.nc,ct160-918BAT-18,51,0.0104235719357218,0.0072585727487291,0.0051550005695649,0.0044494295226676,0.000872144209487,54.26176452636719,0.126341164112091
/Volumes/Data/Work/SEALTAGS/Prydz/FLUO_LIGHT/PROCESSED/NC/ct160-918BAT-18_all_prof_PROCESSED.nc,ct160-918BAT-18,58,0.013362000696361,0.009800000116229,0.0067457505501806,0.0049650007858872,0.0011882511898875,50.13880157470703,0.0963600054383277
/Volumes/Data/Work/SEALTAGS/Prydz/FLUO_LIGHT/PROCESSED/NC/ct160-918BAT-18_all_prof_PROCESSED.nc,ct160-918BAT-18,62,0.0172480006630604,0.0117016927554057,0.0070143086979022,0.0045824621159296,0.0008644624971426,48.91749954223633,0.0826083347201347
/Volumes/Data/Work/SEALTAGS/Prydz/FLUO_LIGHT/PROCESSED/NC/ct160-918BAT-18_all_prof_PROCESSED.nc,ct160-918BAT-18,64,0.023055084119351834,0.016345539392951164,0.011065817147525166,0.006686671672818733,0.0018972956543613,49.35664749145508,0.0821453879276911
/Volumes/Data/Work/SEALTAGS/Prydz/FLUO_LIGHT/PROCESSED/NC/ct160-918BAT-18_all_prof_PROCESSED.nc,ct160-918BAT-18,74,0.004142373312442025,0.0029076856073169247,0.002574827158380075,0.002588388891447075,0.000524279574996625,46.32398986816406,0.1625656336545944
/Volumes/Data/Work/SEALTAGS/Prydz/FLUO_LIGHT/PROCESSED/NC/ct160-918BAT-18_all_prof_PROCESSED.nc,ct160-918BAT-18,77,0.0032324929084432,0.00244143521903375,0.0025258508608921,0.00262370605119745,0.00063312735996745,45.840518951416016,0.1758449226617813
/Volumes/Data/Work/SEALTAGS/Prydz/FLUO_LIGHT/PROCESSED/NC/ct160-918BAT-18_all_prof_PROCESSED.nc,ct160-918BAT-18,75,0.00313894313242696,0.0022811297492848002,0.0021051963915427,0.0025827697995635603,0.00061089422967694,46.38730087280273,0.23967405855655666
/Volumes/Data/Work/SEALTAGS/Prydz/FLUO_LIGHT/PROCESSED/NC/ct171-338-BAT-20_all_prof_PROCESSED.nc,ct171-338-BAT-20,54,0.0044632287357341,0.004333387150175149,0.0047118875663727,0.00273222863589495,0.00038229631768025,65.22560501098633,0.0799789205193519
/Volumes/Data/Work/SEALTAGS/Prydz/FLUO_LIGHT/PROCESSED/NC/ct171-338-BAT-20_all_prof_PROCESSED.nc,ct171-338-BAT-20,59,0.0086686015129089,0.0067662011831998,0.0061182010918855,0.0041036006063222,0.0006738010793924,64.77679443359375,0.0915200039744377
/Volumes/Data/Work/SEALTAGS/Prydz/FLUO_LIGHT/PROCESSED/NC/ct171-338-BAT-20_all_prof_PROCESSED.nc,ct171-338-BAT-20,60,0.01159454645081,0.0097398188981142,0.0085321827368302,0.0035283646800301,0.0005623644048517,64.57564544677734,0.0529411770403385
/Volumes/Data/Work/SEALTAGS/Prydz/FLUO_LIGHT/PROCESSED/NC/ct171-338-BAT-20_all_prof_PROCESSED.nc,ct171-338-BAT-20,86,0.0043591245389059,0.004098800240045433,0.004370532254765833,0.0023836641521262337,0.0003249272445690333,62.70170593261719,0.06980266670385993
/Volumes/Data/Work/SEALTAGS/Prydz/FLUO_LIGHT/PROCESSED/NC/ct171-338-BAT-20_all_prof_PROCESSED.nc,ct171-338-BAT-20,87,0.005700819055675961,0.00621502234176326,0.00698447000039726,0.0029693610355785,0.00036294915082248004,62.829551696777344,0.05544385537505144
/Volumes/Data/Work/SEALTAGS/Prydz/FLUO_LIGHT/PROCESSED/NC/ct171-338-BAT-20_all_prof_PROCESSED.nc,ct171-338-BAT-20,136,0.0066872226695219,0.0060203344457679,0.0055230009473032,0.0022870008316304,0.0002960001842843,55.35895538330078,0.0528239980340004
/Volumes/Data/Work/SEALTAGS/Prydz/FLUO_LIGHT/PROCESSED/NC/ct171-338-BAT-20_all_prof_PROCESSED.nc,ct171-338-BAT-20,135,0.0043735566238562,0.0045090013494094,0.0046777787307898,0.0021458899395333,0.0003428897923893,56.11151885986328,0.0552639998495578
/Volumes/Data/Work/SEALTAGS/Prydz/FLUO_LIGHT/PROCESSED/NC/ct171-338-BAT-20_all_prof_PROCESSED.nc,ct171-338-BAT-20,134,0.0043652233564191,0.0045491121709346,0.0047600008547306,0.0022072233259677,0.0003665565616554,56.3602409362793,0.055952001363039
/Volumes/Data/Work/SEALTAGS/Prydz/FLUO_LIGHT/PROCESSED/NC/ct171-338-BAT-20_all_prof_PROCESSED.nc,ct171-338-BAT-20,161,0.0087353856517718,0.0073181548370764,0.0066938471908752,0.0025455392897129,0.0003747699352411,52.46066665649414,0.0519083328545093
/Volumes/Data/Work/SEALTAGS/Prydz/FLUO_LIGHT/PROCESSED/NC/ct171-338-BAT-20_all_prof_PROCESSED.nc,ct171-338-BAT-20,168,0.00563283586556335,0.005167827542339,0.0051902835296482,0.00242762289503035,0.0003174823716658,50.1407585144043,0.0607880018651485
/Volumes/Data/Work/SEALTAGS/Prydz/FLUO_LIGHT/PROCESSED/NC/ct171-338-BAT-20_all_prof_PROCESSED.nc,ct171-338-BAT-20,164,0.0078513342887163,0.0071410009016593,0.006689444805185,0.0026970011078649,0.000449667374293,50.75831985473633,0.0514799989759922
/Volumes/Data/Work/SEALTAGS/Prydz/FLUO_LIGHT/PROCESSED/NC/ct171-338-BAT-20_all_prof_PROCESSED.nc,ct171-338-BAT-20,169,0.0068214625024642,0.00633901376754805,0.00620037896367595,0.00247997499238215,0.0003259174334697,50.541038513183594,0.0531649030745029
/Volumes/Data/Work/SEALTAGS/Prydz/FLUO_LIGHT/PROCESSED/NC/ct171-338-BAT-20_all_prof_PROCESSED.nc,ct171-338-BAT-20,165,0.0077898006886243,0.0071365013718605,0.0066736003383994,0.0026870008558034,0.0004319006577134,50.851200103759766,0.0515120029449462
/Volumes/Data/Work/SEALTAGS/Prydz/FLUO_LIGHT/PROCESSED/NC/ct171-338-BAT-20_all_prof_PROCESSED.nc,ct171-338-BAT-20,172,0.0045608077833259,0.004420046059584,0.00474396699362175,0.0020088301548225997,0.00024954576722595,49.772125244140625,0.0555312484502792
/Volumes/Data/Work/SEALTAGS/Prydz/FLUO_LIGHT/PROCESSED/NC/ct171-338-BAT-20_all_prof_PROCESSED.nc,ct171-338-BAT-20,171,0.00456559969902485,0.0044159629297527,0.004731940260777849,0.0020236976896271,0.0002502275941272,49.7769660949707,0.0559922214597463
/Volumes/Data/Work/SEALTAGS/Prydz/FLUO_LIGHT/PROCESSED/NC/ft24-917-18_all_prof_PROCESSED.nc,ft24-917-18,6,0.0025154555385762,0.0025230917063626,0.0025021826679056,0.0018840015611865,0.0004354552789167,66.16799926757812,0.1120210587978363
/Volumes/Data/Work/SEALTAGS/Prydz/FLUO_LIGHT/PROCESSED/NC/ft24-917-18_all_prof_PROCESSED.nc,ft24-917-18,40,0.010017709547860701,0.00828516742007595,0.0077685284842219,0.0044116674042824,0.00069370917561975,58.07931900024414,0.07807832956314084
/Volumes/Data/Work/SEALTAGS/Prydz/FLUO_LIGHT/PROCESSED/NC/ft24-917-18_all_prof_PROCESSED.nc,ft24-917-18,55,0.011251800507307,0.0090218007564544,0.0082766007632017,0.0030304014682769,0.0003826010972261,55.40943145751953,0.0486142821609973
/Volumes/Data/Work/SEALTAGS/Prydz/FLUO_LIGHT/PROCESSED/NC/ft24-917-18_all_prof_PROCESSED.nc,ft24-917-18,76,0.0069910417813979,0.005577171705769475,0.006144117329762075,0.004990701215954375,0.0008502617988818499,48.60909938812256,0.11835390515625473
/Volumes/Data/Work/SEALTAGS/Prydz/FLUO_LIGHT/PROCESSED/NC/ft24-917-18_all_prof_PROCESSED.nc,ft24-917-18,75,0.0068463201412842,0.005473239362991066,0.005933847276791267,0.005700924619510499,0.0010599225023839333,48.545143127441406,0.14719732602437333
/Volumes/Data/Work/SEALTAGS/Prydz/FLUO_LIGHT/PROCESSED/NC/ft24-917-18_all_prof_PROCESSED.nc,ft24-917-18,77,0.0071055197749384,0.00623989257929776,0.00615832272957994,0.00275793289603268,0.00038380997949726003,48.59891357421875,0.057857066392898525
/Volumes/Data/Work/SEALTAGS/Prydz/FLUO_LIGHT/PROCESSED/NC/ft24-917-18_all_prof_PROCESSED.nc,ft24-917-18,111,0.010007640495375262,0.007662377843463899,0.006066421892467861,0.0027876875011601404,0.00046906510732697994,35.036555480957034,0.0587038099765777
/Volumes/Data/Work/SEALTAGS/Prydz/FLUO_LIGHT/PROCESSED/NC/ft24-918-18_lr1_prof_PROCESSED.nc,ft24-918-18,6,0.008007467786471,0.0073866677780946,0.0064809342225392,0.0025082672635714,0.0002802677452564,67.2760009765625,0.045399997383356
/Volumes/Data/Work/SEALTAGS/Prydz/FLUO_LIGHT/PROCESSED/NC/ft24-918-18_lr1_prof_PROCESSED.nc,ft24-918-18,18,0.0174909101968461,0.0151829099790616,0.0131649100645021,0.0055965462868863,0.0005618194964799,66.96700286865234,0.0505428574979305
/Volumes/Data/Work/SEALTAGS/Prydz/FLUO_LIGHT/PROCESSED/NC/ft24-918-18_lr1_prof_PROCESSED.nc,ft24-918-18,23,0.01070582782003005,0.009523146159269549,0.008304155143824401,0.00266860044476655,0.0002889556810259,67.30279159545898,0.0400533322244882
/Volumes/Data/Work/SEALTAGS/Prydz/FLUO_LIGHT/PROCESSED/NC/ft24-918-18_lr1_prof_PROCESSED.nc,ft24-918-18,76,0.0104089098220521,0.0094490918246182,0.0083454552699219,0.002854182977568,0.0003827281973578,56.209285736083984,0.0421571396291255
/Volumes/Data/Work/SEALTAGS/Prydz/FLUO_LIGHT/PROCESSED/NC/ft24-918-18_lr1_prof_PROCESSED.nc,ft24-918-18,95,0.01237153928949785,0.01128727929173115,0.00992314605854255,0.00310434728192205,0.0003983427364474,52.88395881652832,0.03948886878788465
/Volumes/Data/Work/SEALTAGS/Prydz/FLUO_LIGHT/PROCESSED/NC/ft24-918-18_lr1_prof_PROCESSED.nc,ft24-918-18,108,0.010239202445611698,0.009094930373323233,0.008029167462761133,0.0024956705836721663,0.00029260012058486665,50.481547037760414,0.0392480020721753
/Volumes/Data/Work/SEALTAGS/Prydz/FLUO_LIGHT/PROCESSED/NC/ft24-918-18_lr1_prof_PROCESSED.nc,ft24-918-18,107,0.010077915478635667,0.008864373106647368,0.0078535821857965,0.0024743029088885003,0.0002950760553142,50.56311925252279,0.04036533211668327
/Volumes/Data/Work/SEALTAGS/Prydz/FLUO_LIGHT/PROCESSED/NC/ft24-918-18_lr1_prof_PROCESSED.nc,ft24-918-18,101,0.0141262509860098,0.0129600008949637,0.0108865005895495,0.0035691261291503,0.0005387512501329,51.77019500732422,0.0399619042873382
/Volumes/Data/Work/SEALTAGS/Prydz/FLUO_LIGHT/PROCESSED/NC/ft24-918-18_lr1_prof_PROCESSED.nc,ft24-918-18,105,0.009565451856930933,0.0087256286521678,0.007688572549125167,0.0026549900908902336,0.00033771673462633335,51.19160079956055,0.042831998318433734
/Volumes/Data/Work/SEALTAGS/Prydz/FLUO_LIGHT/PROCESSED/NC/ft24-918-18_lr1_prof_PROCESSED.nc,ft24-918-18,112,0.0177080462094057,0.014668392186815,0.01155759162184865,0.00430701017718415,0.00052733721042215,49.2956657409668,0.0424441639333963
/Volumes/Data/Work/SEALTAGS/Prydz/FLUO_LIGHT/PROCESSED/NC/ft24-918-18_lr1_prof_PROCESSED.nc,ft24-918-18,111,0.0121250010561198,0.0107435011304914,0.0091876257210969,0.0031533758156001,0.0004541259258985,49.23066329956055,0.042216669768095
/Volumes/Data/Work/SEALTAGS/Prydz/FLUO_LIGHT/PROCESSED/NC/ft24-918-18_lr1_prof_PROCESSED.nc,ft24-918-18,117,0.010105067544749767,0.009596256847057666,0.008200101336302466,0.0027074567566648666,0.0003453741857066667,47.62713623046875,0.03799733519554133
/Volumes/Data/Work/SEALTAGS/Prydz/FLUO_LIGHT/PROCESSED/NC/ft24-918-18_lr1_prof_PROCESSED.nc,ft24-918-18,136,0.0087121118687921,0.0083423341727919,0.0076677786807219,0.0028476679904593,0.0005897790607478,42.09064102172851,0.0469360016286373
/Volumes/Data/Work/SEALTAGS/Prydz/FLUO_LIGHT/PROCESSED/NC/ft24-918-18_lr1_prof_PROCESSED.nc,ft24-918-18,140,0.0079252730039033,0.0073863647200844,0.0065063644539226,0.0026669099249623,0.000390182503245,41.03693771362305,0.0485999956727027
/Volumes/Data/Work/SEALTAGS/Prydz/FLUO_LIGHT/PROCESSED/NC/ft24-918-18_lr1_prof_PROCESSED.nc,ft24-918-18,159,0.014750889605946,0.0117302234801981,0.0087148894866307,0.0035180006590154,0.0004108891718917,36.63783264160156,0.0476833321154117
/Volumes/Data/Work/SEALTAGS/Prydz/FLUO_LIGHT/PROCESSED/NC/ft24-918-18_lr1_prof_PROCESSED.nc,ft24-918-18,163,0.00627348291705925,0.005811251231964525,0.0052713290002234,0.002060541045350575,0.000238503193858775,35.052491188049316,0.04851733148097988
/Volumes/Data/Work/SEALTAGS/Prydz/FLUO_LIGHT/PROCESSED/NC/ft24-918-18_lr1_prof_PROCESSED.nc,ft24-918-18,187,0.00555173644263825,0.0051348581777087,0.0036205221366669,0.0025130006883825,0.0005553577494408,16.16279697418213,0.08581599593162535
/Volumes/Data/Work/SEALTAGS/Prydz/FLUO_LIGHT/PROCESSED/NC/ft24-918-18_lr1_prof_PROCESSED.nc,ft24-918-18,203,0.011069889490803,0.0087925559944576,0.0065103340893983,0.0026781120234065,0.0005526673048734,14.793038368225098,0.0530960001051425
/Volumes/Data/Work/SEALTAGS/Prydz/FLUO_LIGHT/PROCESSED/NC/ft24-918-18_lr1_prof_PROCESSED.nc,ft24-918-18,238,0.007583311743282899,0.00503086657928565,0.0036486353521712504,0.00132811013139595,0.0003025176457497,11.226076602935793,0.0507559962570667
/Volumes/Data/Work/SEALTAGS/Prydz/FLUO_LIGHT/PROCESSED/NC/ft24-918-18_lr1_prof_PROCESSED.nc,ft24-918-18,260,0.00994400131075,0.0085338956039202,0.0051396849908326,0.0026512638126548,0.0004837903145112,12.110556602478027,0.0623199976980686
/Volumes/Data/Work/SEALTAGS/Prydz/FLUO_LIGHT/PROCESSED/NC/ft24-918-18_lr1_prof_PROCESSED.nc,ft24-918-18,261,0.0096170010252131,0.0082991121129857,0.0049905567947361,0.0025470006383127,0.000430445290274,12.10911750793457,0.061951994895935
/Volumes/Data/Work/SEALTAGS/Prydz/FLUO_LIGHT/PROCESSED/NC/ft24-918-18_lr1_prof_PROCESSED.nc,ft24-918-18,267,0.0089080868022782,0.0068017011242253005,0.005003301080848449,0.00182861512792955,0.00035177211144135,12.157134532928467,0.04361675120890135
/Volumes/Data/Work/SEALTAGS/Prydz/FLUO_LIGHT/PROCESSED/NC/ft24-918-18_lr1_prof_PROCESSED.nc,ft24-918-18,270,0.0102722509764134,0.0077252499759197,0.0046792514622211,0.0021682512015104,0.0002637514844536,12.271228790283203,0.0572461523115634
/Volumes/Data/Work/SEALTAGS/Prydz/FLUO_LIGHT/PROCESSED/NC/ft24-918-18_lr1_prof_PROCESSED.nc,ft24-918-18,266,0.008758164613562401,0.006562912664493549,0.004818690056372499,0.0017294550017148001,0.0003219000650804,12.131656646728516,0.04468400031328195
/Volumes/Data/Work/SEALTAGS/Prydz/FLUO_LIGHT/PROCESSED/NC/ft24-918-18_lr1_prof_PROCESSED.nc,ft24-918-18,271,0.0110558509593829,0.0074915882200002,0.00510892567690455,0.0019609012873842498,0.00026603834703560003,12.391483306884766,0.0440379977226257
/Volumes/Data/Work/SEALTAGS/Prydz/FLUO_LIGHT/PROCESSED/NC/ft24-918-18_lr1_prof_PROCESSED.nc,ft24-918-18,321,0.0036779496796995,0.0039337624534310335,0.003343295221549166,0.002039600457800033,0.0002992069539314,16.270410537719727,0.06672399739424384
/Volumes/Data/Work/SEALTAGS/Prydz/FLUO_LIGHT/PROCESSED/NC/ft24-918-18_lr1_prof_PROCESSED.nc,ft24-918-18,322,0.0047377970897488665,0.003712482405481467,0.0032872789435916,0.0014968893870159,0.00024929742708246666,16.315436045328777,0.05624564612905177
/Volumes/Data/Work/SEALTAGS/Prydz/FLUO_LIGHT/PROCESSED/NC/ft24-918-18_lr1_prof_PROCESSED.nc,ft24-918-18,355,0.0038526566589579,0.00346518349012025,0.0031085862394641,0.00190512139131035,0.0003481124144266,19.498077392578125,0.07775999978184694
/Volumes/Data/Work/SEALTAGS/Prydz/FLUO_LIGHT/PROCESSED/NC/ft24-918-18_lr1_prof_PROCESSED.nc,ft24-918-18,349,0.0137573341942495,0.0107753343052334,0.0076435564292801,0.0028034458971685,0.0005665566358301,19.35123634338379,0.0462857186794281
/Volumes/Data/Work/SEALTAGS/Prydz/FLUO_LIGHT/PROCESSED/NC/ft24-918-18_lr1_prof_PROCESSED.nc,ft24-918-18,351,0.0068335073730467,0.00557865179143845,0.0037584417180990997,0.0016490340747527,0.00016916549372433467,19.29034996032715,0.0433094576001167
/Volumes/Data/Work/SEALTAGS/Prydz/FLUO_LIGHT/PROCESSED/NC/ft24-918-18_lr1_prof_PROCESSED.nc,ft24-918-18,363,0.0048792953876888,0.0043036475339356,0.0039260010508929,0.0019008241155568,0.0003932951127781,21.880876541137695,0.0640799924731254
/Volumes/Data/Work/SEALTAGS/Prydz/FLUO_LIGHT/PROCESSED/NC/ft24-918-18_lr1_prof_PROCESSED.nc,ft24-918-18,362,0.004923500586301,0.004332500975579,0.0039110006764531,0.002035750541836,0.0004212511703372,21.75099754333496,0.0678666606545448
/Volumes/Data/Work/SEALTAGS/Prydz/FLUO_LIGHT/PROCESSED/NC/ft24-918-18_lr1_prof_PROCESSED.nc,ft24-918-18,382,0.0051103345273682994,0.0044077924297501,0.00419479243767755,0.00184162605243415,0.00033754296600815,26.05580997467041,0.05638266354799265
/Volumes/Data/Work/SEALTAGS/Prydz/FLUO_LIGHT/PROCESSED/NC/ft24-918-18_lr1_prof_PROCESSED.nc,ft24-918-18,378,0.0054261258337646,0.0048901257105171,0.0043611256405711,0.0020111256744712,0.0003431253135204,24.879838943481445,0.0599599964916706
/Volumes/Data/Work/SEALTAGS/Prydz/FLUO_LIGHT/PROCESSED/NC/ft24-918-18_lr1_prof_PROCESSED.nc,ft24-918-18,391,0.00485157309707625,0.0046475513982661,0.00420248214115585,0.00163084585319225,0.00018067713727285716,29.235438346862793,0.04755599796772
/Volumes/Data/Work/SEALTAGS/Prydz/FLUO_LIGHT/PROCESSED/NC/ft24-918-18_lr1_prof_PROCESSED.nc,ft24-918-18,401,0.00512380796807025,0.00479053908314265,0.00451788105643705,0.0020778520623795,0.0002932024922651,33.91799736022949,0.05751943029463285
/Volumes/Data/Work/SEALTAGS/Prydz/FLUO_LIGHT/PROCESSED/NC/ft24-918-18_lr1_prof_PROCESSED.nc,ft24-918-18,402,0.0056425340473651,0.0049958676099777,0.0044677341977755,0.0019722672800223,0.000280001014471,33.86887741088867,0.0573439970612525
/Volumes/Data/Work/SEALTAGS/Prydz/FLUO_LIGHT/PROCESSED/NC/ft24-918-18_lr1_prof_PROCESSED.nc,ft24-918-18,406,0.0054923339436451,0.0039908342684308,0.0037770010530948,0.0020325006917119,0.0003096675500273,33.94218063354492,0.0740090906620025
/Volumes/Data/Work/SEALTAGS/Prydz/FLUO_LIGHT/PROCESSED/NC/ft24-918-18_lr1_prof_PROCESSED.nc,ft24-918-18,405,0.0059675012404719,0.0043336671466628,0.0040143333996335,0.0020165011907617,0.0003138336663444,34.19894790649414,0.0684842094779014
/Volumes/Data/Work/SEALTAGS/Prydz/FLUO_LIGHT/PROCESSED/NC/ft24-918-18_lr1_prof_PROCESSED.nc,ft24-918-18,440,0.0074871435229267,0.0064952865775142,0.0055138580501079,0.0026152868356023,0.0003935718642813,40.38981628417969,0.057527270168066
/Volumes/Data/Work/SEALTAGS/Prydz/FLUO_LIGHT/PROCESSED/NC/ft24-918-18_lr1_prof_PROCESSED.nc,ft24-918-18,460,0.0037407892153543,0.0030312242917716,0.00270340670557575,0.0019272478187784998,0.00033083305529805,45.627777099609375,0.09998872876167295
/Volumes/Data/Work/SEALTAGS/Prydz/FLUO_LIGHT/PROCESSED/NC/ft24-918-18_lr1_prof_PROCESSED.nc,ft24-918-18,461,0.0041644579243092,0.0033490963812384997,0.0029340103268623,0.0021337060523883996,0.0003811054818686666,45.16645812988281,0.10007373740275698
/Volumes/Data/Work/SEALTAGS/Prydz/FLUO_LIGHT/PROCESSED/NC/ft24-918-18_lr1_prof_PROCESSED.nc,ft24-918-18,454,0.0069627510051109495,0.00620332233873855,0.005384054434086551,0.0022427331257078497,0.0003288403219942,44.20923614501953,0.05172210372984405
/Volumes/Data/Work/SEALTAGS/Prydz/FLUO_LIGHT/PROCESSED/NC/ft24-918-18_lr1_prof_PROCESSED.nc,ft24-918-18,468,0.0036464562905685997,0.0030422277925979003,0.0030562088691761997,0.0022769610323602665,0.0003934024227043666,46.43063990275065,0.10542932897806163
/Volumes/Data/Work/SEALTAGS/Prydz/FLUO_LIGHT/PROCESSED/NC/ft24-918-18_lr1_prof_PROCESSED.nc,ft24-918-18,474,0.0047640006401036,0.0038443164605843,0.0034166325471903,0.0024801059380957,0.0004112642062337,47.65903854370117,0.099831998348236
/Volumes/Data/Work/SEALTAGS/Prydz/FLUO_LIGHT/PROCESSED/NC/ft24-918-18_lr1_prof_PROCESSED.nc,ft24-918-18,498,0.0063308344758821,0.0056114101857699,0.00497945542964665,0.0018502177689412,0.00023419774052765,54.20697212219238,0.04821362532675261
/Volumes/Data/Work/SEALTAGS/Prydz/FLUO_LIGHT/PROCESSED/NC/ft24-918-18_lr1_prof_PROCESSED.nc,ft24-918-18,494,0.0045730680227279,0.0042896014948685,0.0043548010289669,0.0026256004969278,0.0004121345778306,53.34560012817383,0.081069990992546
/Volumes/Data/Work/SEALTAGS/Prydz/FLUO_LIGHT/PROCESSED/NC/ft24-918-18_lr1_prof_PROCESSED.nc,ft24-918-18,500,0.006792481523499867,0.005879643368263701,0.0052050810721185,0.001940798505194567,0.00024401548875383332,53.61104075113932,0.04750666394829744
/Volumes/Data/Work/SEALTAGS/Prydz/FLUO_LIGHT/PROCESSED/NC/ft24-918-18_lr1_prof_PROCESSED.nc,ft24-918-18,496,0.0064920011688681,0.005496824708055,0.0050192950841258,0.0029408250223187,0.0005237657357664,53.819828033447266,0.0727652236819267
/Volumes/Data/Work/SEALTAGS/Prydz/FLUO_LIGHT/PROCESSED/NC/ft24-919-18_all_prof_PROCESSED.nc,ft24-919-18,5,0.0069110534693065,0.0060353696738418,0.005479158539521,0.0028476854296107,0.000433579871529,66.94512176513672,0.0638640001416206
/Volumes/Data/Work/SEALTAGS/Prydz/FLUO_LIGHT/PROCESSED/NC/ft24-919-18_all_prof_PROCESSED.nc,ft24-919-18,10,0.0086749097840352,0.0071752735159613,0.006501454859972,0.0030712739310481,0.0003618191589008,66.16975402832031,0.0645000040531158
/Volumes/Data/Work/SEALTAGS/Prydz/FLUO_LIGHT/PROCESSED/NC/ft24-919-18_all_prof_PROCESSED.nc,ft24-919-18,13,0.00926050568437745,0.00787928986235275,0.007360892817743251,0.0033989566487862503,0.00041666739236775,66.02055740356445,0.06009100191295144
/Volumes/Data/Work/SEALTAGS/Prydz/FLUO_LIGHT/PROCESSED/NC/ft24-919-18_all_prof_PROCESSED.nc,ft24-919-18,94,0.00869921127236195,0.00748310105777095,0.006499011393048201,0.0026576850955423,0.0003598483181313,47.891273498535156,0.052517412230372346
/Volumes/Data/Work/SEALTAGS/Prydz/FLUO_LIGHT/PROCESSED/NC/ft24-919-18_all_prof_PROCESSED.nc,ft24-919-18,103,0.0086820008499281,0.0081304293125867,0.0075754297098943,0.0030910008187804,0.0003932858152048,46.781883239746094,0.0483058840036392
/Volumes/Data/Work/SEALTAGS/Prydz/FLUO_LIGHT/PROCESSED/NC/ft24-919-18_all_prof_PROCESSED.nc,ft24-919-18,115,0.008710217313590401,0.007822984908516734,0.0068397319232990335,0.0028054537687297668,0.000364058256171,44.276808420817055,0.05120150496562317
/Volumes/Data/Work/SEALTAGS/Prydz/FLUO_LIGHT/PROCESSED/NC/ft24-919-18_all_prof_PROCESSED.nc,ft24-919-18,140,0.0133663649586114,0.0112180012193593,0.0091454556042497,0.0032834556292403,0.0004796368831937,37.74506378173828,0.0444666631519794
/Volumes/Data/Work/SEALTAGS/Prydz/FLUO_LIGHT/PROCESSED/NC/ft24-919-18_all_prof_PROCESSED.nc,ft24-919-18,134,0.0084066167473793,0.0072469241344011,0.006109231366561,0.0019732318245447,0.0003395395783277,39.611236572265625,0.0428666658699512
/Volumes/Data/Work/SEALTAGS/Prydz/FLUO_LIGHT/PROCESSED/NC/ft24-919-18_all_prof_PROCESSED.nc,ft24-919-18,164,0.008056822166378999,0.006874943511294401,0.00611987952142945,0.0022614079394509996,0.0002423291759831,31.199679374694824,0.046052001416683155
/Volumes/Data/Work/SEALTAGS/Prydz/FLUO_LIGHT/PROCESSED/NC/ft24-919-18_all_prof_PROCESSED.nc,ft24-919-18,217,0.0068582510575652,0.0076970010995864,0.0065145003609359,0.0040067508816719,0.0013025016523897,11.54133129119873,0.0769499987363815
/Volumes/Data/Work/SEALTAGS/Prydz/FLUO_LIGHT/PROCESSED/NC/ft24-919-18_all_prof_PROCESSED.nc,ft24-919-18,239,0.003609294838765,0.0039561187081477,0.0033449423225486,0.0017112947123892,0.000301648150472,11.025357246398926,0.0609439983963966
/Volumes/Data/Work/SEALTAGS/Prydz/FLUO_LIGHT/PROCESSED/NC/ft24-919-18_all_prof_PROCESSED.nc,ft24-919-18,272,0.0095932734283533,0.0085090916942466,0.0064972733909433,0.002673636783253,0.0006374554200605,11.044398307800291,0.0529599972069263
/Volumes/Data/Work/SEALTAGS/Prydz/FLUO_LIGHT/PROCESSED/NC/ft24-919-18_all_prof_PROCESSED.nc,ft24-919-18,340,0.0056212511844933,0.0057882498949766,0.0045912507921457,0.0023977509699761,0.000395250506699,18.50426483154297,0.063773326575756
/Volumes/Data/Work/SEALTAGS/Prydz/FLUO_LIGHT/PROCESSED/NC/ft24-919-18_all_prof_PROCESSED.nc,ft24-919-18,350,0.00707262592517175,0.00612509167033495,0.005084540504454151,0.0018749496560882,0.00037137601016595,21.857277870178223,0.0462799966335296
/Volumes/Data/Work/SEALTAGS/Prydz/FLUO_LIGHT/PROCESSED/NC/ft24-919-18_all_prof_PROCESSED.nc,ft24-919-18,348,0.0092860005795955,0.008177334566911,0.0063453348974386,0.0027652010321617,0.0004505343735218,20.50109100341797,0.0521272681653499
/Volumes/Data/Work/SEALTAGS/Prydz/FLUO_LIGHT/PROCESSED/NC/ft24-919-18_all_prof_PROCESSED.nc,ft24-919-18,374,0.0094682509079575,0.0081677511334419,0.006341001484543,0.0023670000955462,0.0004205014556646,29.86290740966797,0.0466363653540611
/Volumes/Data/Work/SEALTAGS/Prydz/FLUO_LIGHT/PROCESSED/NC/ft24-919-18_all_prof_PROCESSED.nc,ft24-919-18,378,0.009810603622957052,0.008205192376878475,0.0062127128803737,0.002446478644075425,0.0004465452679269,29.655293464660645,0.048689998686313574
/Volumes/Data/Work/SEALTAGS/Prydz/FLUO_LIGHT/PROCESSED/NC/ft24-919-18_all_prof_PROCESSED.nc,ft24-919-18,393,0.0089460002879301,0.0061925010134776,0.0047088336820403,0.0012108335892359,7.133310039838155e-05,32.09474563598633,0.0334124974906444
/Volumes/Data/Work/SEALTAGS/Prydz/FLUO_LIGHT/PROCESSED/NC/ft24-919-18_all_prof_PROCESSED.nc,ft24-919-18,403,0.00712165734133655,0.0060994215214099,0.0048460313238394,0.0015770574506275999,0.00025230383452695,33.84507942199707,0.0394359994679689
/Volumes/Data/Work/SEALTAGS/Prydz/FLUO_LIGHT/PROCESSED/NC/ft24-919-18_all_prof_PROCESSED.nc,ft24-919-18,409,0.0090547322781167,0.0073677818744610005,0.0055648692334309,0.0018780076223560334,0.00024361445480936667,35.50967152913412,0.04117764905095097
/Volumes/Data/Work/SEALTAGS/Prydz/FLUO_LIGHT/PROCESSED/NC/ft24-919-18_all_prof_PROCESSED.nc,ft24-919-18,419,0.0065065925988553,0.005950044390130633,0.0048331219671508665,0.0015621838222758333,0.00022403893775193334,38.44731521606445,0.0385517577330271
/Volumes/Data/Work/SEALTAGS/Prydz/FLUO_LIGHT/PROCESSED/NC/ft24-919-18_all_prof_PROCESSED.nc,ft24-919-18,441,0.0084852501749992,0.0074132508598268,0.0057430011220276,0.0021042502485215,0.0002642511390149,44.645999908447266,0.0425199978053569
/Volumes/Data/Work/SEALTAGS/Prydz/FLUO_LIGHT/PROCESSED/NC/ft24-919-18_all_prof_PROCESSED.nc,ft24-919-18,444,0.013603600859642,0.0109486009925603,0.0082748010754585,0.0030844006687402,0.0005930013954639,45.280426025390625,0.0468857176601886
/Volumes/Data/Work/SEALTAGS/Prydz/FLUO_LIGHT/PROCESSED/NC/ft24-919-18_all_prof_PROCESSED.nc,ft24-919-18,452,0.0073274008929729,0.006700000539422,0.0055680006742477,0.002020800486207,0.0002688005566596,49.86143112182617,0.0419285707175731
/Volumes/Data/Work/SEALTAGS/Prydz/FLUO_LIGHT/PROCESSED/NC/ft24-919-18_all_prof_PROCESSED.nc,ft24-919-18,454,0.0088924674938122,0.00766266758243235,0.00608226743837195,0.00215160114069775,0.00037460078795750003,50.78750228881836,0.04370610229671
/Volumes/Data/Work/SEALTAGS/Prydz/FLUO_LIGHT/PROCESSED/NC/ft24-920-18_all_prof_PROCESSED.nc,ft24-920-18,3,0.0062301259022206,0.0056490006390959,0.0053942513186484,0.0025571261066943,0.0003146261442452,67.5622329711914,0.0659840032458305
