all_tagID,all_profn,all_dates,all_lats,all_lons
ct182_865F_24,1,24-Jan-2025 10:00:00,-49.5598,70.3596
ct182_865F_24,2,24-Jan-2025 11:10:00,-49.58,70.3964
ct182_865F_24,3,24-Jan-2025 15:50:00,-49.9602,70.6291
ct182_865F_24,4,24-Jan-2025 17:50:00,-50.0175,70.6724
ct182_865F_24,5,24-Jan-2025 19:30:00,-50.0387,70.7835
ct182_865F_24,6,25-Jan-2025 02:40:00,-50.4035,70.9532
ct182_865F_24,7,25-Jan-2025 14:50:00,-50.7647,71.6812
ct182_865F_24,8,26-Jan-2025 02:10:00,-51.1433,72.1528
ct182_865F_24,9,26-Jan-2025 20:10:00,-51.9319,73.1725
ct182_865F_24,10,26-Jan-2025 20:30:00,-51.9496,73.193
ct182_865F_24,11,27-Jan-2025 03:10:00,-52.1673,73.5113
ct182_865F_24,12,27-Jan-2025 20:10:00,-52.5736,74.3089
ct182_865F_24,13,28-Jan-2025 03:20:00,-52.7739,74.6771
ct182_865F_24,14,28-Jan-2025 04:00:00,-52.7796,74.7138
ct182_865F_24,15,29-Jan-2025 03:20:00,-53.6803,76.3126
ct182_865F_24,16,29-Jan-2025 06:00:00,-53.81,76.3239
ct182_865F_24,17,29-Jan-2025 12:00:00,-54.0587,76.5463
ct182_865F_24,18,30-Jan-2025 03:30:00,-54.4402,77.1595
ct182_865F_24,19,30-Jan-2025 08:00:00,-54.5535,77.3478
ct182_865F_24,20,30-Jan-2025 15:10:00,-54.7682,77.8958
ct182_865F_24,21,30-Jan-2025 23:10:00,-54.9482,78.2358
ct182_865F_24,22,31-Jan-2025 03:10:00,-55.1132,78.5136
ct182_865F_24,23,31-Jan-2025 07:40:00,-55.1277,78.8568
ct182_865F_24,24,31-Jan-2025 15:10:00,-55.2523,79.3699
ct182_865F_24,25,31-Jan-2025 16:20:00,-55.3219,79.3623
ct182_865F_24,26,31-Jan-2025 20:30:00,-55.5531,79.4672
ct182_865F_24,27,01-Feb-2025 03:10:00,-55.7016,79.8222
ct182_865F_24,28,01-Feb-2025 03:40:00,-55.7282,79.8148
ct182_865F_24,29,01-Feb-2025 16:30:00,-56.3236,80.4658
ct182_865F_24,30,02-Feb-2025 02:20:00,-56.4254,81.0446
ct182_865F_24,31,02-Feb-2025 14:30:00,-56.9186,82.1268
ct182_865F_24,32,03-Feb-2025 03:20:00,-57.2711,82.8776
ct182_865F_24,33,03-Feb-2025 04:10:00,-57.2819,82.8858
ct182_865F_24,34,03-Feb-2025 15:20:00,-57.6919,83.5208
ct182_865F_24,35,03-Feb-2025 19:20:00,-57.8076,83.8952
ct182_865F_24,36,04-Feb-2025 03:10:00,-58.0319,84.3192
ct182_865F_24,37,04-Feb-2025 04:50:00,-58.0941,84.5172
ct182_865F_24,38,04-Feb-2025 13:30:00,-58.353,84.9701
ct182_865F_24,39,05-Feb-2025 09:50:00,-59.1079,86.4764
ct182_865F_24,40,05-Feb-2025 11:40:00,-59.1903,86.6519
ct182_865F_24,41,05-Feb-2025 15:10:00,-59.3476,86.987
ct182_865F_24,42,05-Feb-2025 18:00:00,-59.475,87.2583
ct182_865F_24,43,06-Feb-2025 03:10:00,-59.6904,87.7165
ct182_865F_24,44,06-Feb-2025 10:00:00,-59.8451,88.3702
ct182_865F_24,45,06-Feb-2025 15:10:00,-60.0128,88.537
ct182_865F_24,46,06-Feb-2025 15:40:00,-60.0296,88.4969
ct182_865F_24,47,06-Feb-2025 23:00:00,-60.3257,88.4913
ct182_865F_24,48,07-Feb-2025 03:00:00,-60.5144,88.8012
ct182_865F_24,49,07-Feb-2025 05:20:00,-60.6245,88.982
ct182_865F_24,50,07-Feb-2025 15:10:00,-61.0883,89.7438
ct182_865F_24,51,07-Feb-2025 23:30:00,-61.2061,90.2784
ct182_865F_24,52,08-Feb-2025 03:00:00,-61.3398,90.525
ct182_865F_24,53,08-Feb-2025 03:40:00,-61.3652,90.5719
ct182_865F_24,54,08-Feb-2025 04:50:00,-61.4098,90.6541
ct182_865F_24,55,08-Feb-2025 07:20:00,-61.5053,90.8302
ct182_865F_24,56,08-Feb-2025 16:20:00,-61.8491,91.4642
ct182_865F_24,57,08-Feb-2025 16:50:00,-61.8682,91.4994
ct182_865F_24,58,09-Feb-2025 03:20:00,-62.1226,92.4243
ct182_865F_24,59,09-Feb-2025 15:10:00,-62.4431,93.5705
ct182_865F_24,60,10-Feb-2025 03:20:00,-63.0144,94.0712
ct182_865F_24,61,10-Feb-2025 04:20:00,-63.0475,94.179
ct182_865F_24,62,10-Feb-2025 16:10:00,-63.2774,95.1342
ct182_865F_24,63,10-Feb-2025 16:30:00,-63.2831,95.1913
ct182_865F_24,64,11-Feb-2025 03:00:00,-63.728,95.7062
ct182_865F_24,65,11-Feb-2025 03:20:00,-63.7163,95.7024
ct182_865F_24,66,11-Feb-2025 14:30:00,-64.1824,96.1301
ct182_865F_24,67,11-Feb-2025 16:00:00,-64.2537,96.1933
ct182_865F_24,68,11-Feb-2025 16:40:00,-64.2853,96.2213
ct182_865F_24,69,12-Feb-2025 03:10:00,-64.5601,96.8288
ct182_865F_24,70,12-Feb-2025 10:50:00,-64.3231,97.5572
ct182_865F_24,71,12-Feb-2025 15:10:00,-64.3654,97.1795
ct182_865F_24,72,13-Feb-2025 03:00:00,-64.2483,97.6381
ct182_865F_24,73,13-Feb-2025 05:20:00,-64.2702,97.6669
ct182_865F_24,74,13-Feb-2025 09:30:00,-64.3065,97.8526
ct182_865F_24,75,13-Feb-2025 10:00:00,-64.3108,97.8749
ct182_865F_24,76,13-Feb-2025 15:00:00,-64.3543,98.0977
ct182_865F_24,77,14-Feb-2025 03:20:00,-64.3338,98.6988
ct182_865F_24,78,14-Feb-2025 03:40:00,-64.3287,98.7079
ct182_865F_24,79,14-Feb-2025 16:30:00,-64.2484,98.9679
ct182_865F_24,80,14-Feb-2025 20:10:00,-64.4197,98.9049
ct182_865F_24,81,15-Feb-2025 03:10:00,-64.6632,99.0724
ct182_865F_24,82,15-Feb-2025 14:10:00,-64.4222,99.367
ct182_865F_24,83,16-Feb-2025 02:20:00,-64.4282,99.2653
ct182_865F_24,84,16-Feb-2025 14:20:00,-64.4088,99.0583
ct182_865F_24,85,17-Feb-2025 02:20:00,-64.3133,99.8389
ct182_865F_24,86,17-Feb-2025 15:10:00,-64.5665,99.9937
ct182_865F_24,87,17-Feb-2025 15:30:00,-64.5635,100.0053
ct182_865F_24,88,17-Feb-2025 18:10:00,-64.548,100.1059
ct182_865F_24,89,18-Feb-2025 03:10:00,-64.4831,100.6352
ct182_865F_24,90,18-Feb-2025 18:30:00,-64.3398,100.8643
ct182_865F_24,91,18-Feb-2025 20:10:00,-64.3066,100.6152
ct182_865F_24,92,18-Feb-2025 20:30:00,-64.3,100.5654
ct182_865F_24,93,19-Feb-2025 03:10:00,-64.3759,100.733
ct182_865F_24,94,19-Feb-2025 15:00:00,-64.2881,101.3065
ct182_865F_24,95,20-Feb-2025 03:10:00,-64.1593,101.3367
ct182_865F_24,96,20-Feb-2025 15:00:00,-64.4563,100.5233
ct182_865F_24,97,21-Feb-2025 03:10:00,-64.5125,100.6035
ct182_865F_24,98,21-Feb-2025 04:20:00,-64.5223,100.5877
ct182_865F_24,99,21-Feb-2025 15:30:00,-64.2856,100.3535
ct182_865F_24,100,21-Feb-2025 18:00:00,-64.3333,100.5706
ct182_865F_24,101,22-Feb-2025 03:00:00,-64.4452,100.4108
ct182_865F_24,102,23-Feb-2025 02:10:00,-64.3677,100.4793
ct182_865F_24,103,23-Feb-2025 15:10:00,-64.5688,100.0655
ct182_865F_24,104,23-Feb-2025 15:30:00,-64.5439,100.099
ct182_865F_24,105,24-Feb-2025 02:50:00,-64.4901,100.2582
ct182_865F_24,106,24-Feb-2025 15:30:00,-64.4613,100.1059
ct182_865F_24,107,24-Feb-2025 18:40:00,-64.615,100.595
ct182_865F_24,108,24-Feb-2025 19:00:00,-64.6312,100.6465
ct182_865F_24,109,25-Feb-2025 03:00:00,-64.5816,100.7149
ct182_865F_24,110,25-Feb-2025 05:20:00,-64.5509,100.7623
ct182_865F_24,111,25-Feb-2025 15:10:00,-64.4682,100.9122
ct182_865F_24,112,26-Feb-2025 03:00:00,-64.4721,100.7853
ct182_865F_24,113,26-Feb-2025 15:10:00,-64.3033,100.726
ct182_865F_24,114,27-Feb-2025 03:10:00,-64.2358,100.4146
ct182_865F_24,115,27-Feb-2025 15:20:00,-64.2927,100.7322
ct182_865F_24,116,28-Feb-2025 03:00:00,-64.2861,100.4598
ct182_865F_24,117,28-Feb-2025 03:20:00,-64.2713,100.4843
ct182_865F_24,118,28-Feb-2025 17:00:00,-64.3538,100.278
ct182_865F_24,119,28-Feb-2025 19:00:00,-64.3588,99.9969
ct182_865F_24,120,01-Mar-2025 02:20:00,-64.2976,99.7698
ct182_865F_24,121,01-Mar-2025 15:10:00,-64.4653,100.4787
ct182_865F_24,122,01-Mar-2025 15:50:00,-64.4338,100.4567
ct182_865F_24,123,02-Mar-2025 03:10:00,-64.2608,100.2007
ct182_865F_24,124,02-Mar-2025 03:30:00,-64.2434,100.1661
ct182_865F_24,125,02-Mar-2025 15:10:00,-64.338,100.1509
ct182_865F_24,126,02-Mar-2025 18:30:00,-64.4054,100.0242
ct182_865F_24,127,02-Mar-2025 19:00:00,-64.4155,100.0052
ct182_865F_24,128,03-Mar-2025 02:00:00,-64.4406,100.0393
ct182_865F_24,129,03-Mar-2025 15:10:00,-64.3152,100.734
ct182_865F_24,130,04-Mar-2025 03:10:00,-64.4441,100.5569
ct182_865F_24,131,04-Mar-2025 14:10:00,-64.472,100.4311
ct182_865F_24,132,05-Mar-2025 02:40:00,-64.3166,100.2541
ct182_865F_24,133,05-Mar-2025 14:20:00,-64.0758,100.8483
ct182_865F_24,134,06-Mar-2025 03:10:00,-64.2489,100.4141
ct182_865F_24,135,06-Mar-2025 04:40:00,-64.3178,100.3283
ct182_865F_24,136,06-Mar-2025 14:20:00,-64.2703,100.654
ct182_865F_24,137,07-Mar-2025 02:10:00,-64.5111,101.0398
ct182_865F_24,138,07-Mar-2025 14:20:00,-64.5024,99.8704
ct182_865F_24,139,08-Mar-2025 03:10:00,-64.3591,100.7335
ct182_865F_24,140,08-Mar-2025 14:10:00,-64.1395,100.8939
ct182_865F_24,141,09-Mar-2025 03:10:00,-64.423,100.2608
ct182_865F_24,142,09-Mar-2025 14:20:00,-64.3732,100.3707
ct182_866F_24,1,08-Jan-2025 21:00:00,-49.7684,70.4782
ct182_866F_24,2,08-Jan-2025 23:20:00,-49.9212,70.5115
ct182_866F_24,3,09-Jan-2025 03:00:00,-50.0475,70.7732
ct182_866F_24,4,09-Jan-2025 04:00:00,-50.0945,70.8251
ct182_866F_24,5,09-Jan-2025 15:00:00,-50.3933,70.751
ct182_866F_24,6,09-Jan-2025 19:10:00,-50.4608,70.9409
ct182_866F_24,7,10-Jan-2025 02:20:00,-50.7691,71.0176
ct182_866F_24,8,10-Jan-2025 18:00:00,-51.2185,71.2398
ct182_866F_24,9,11-Jan-2025 02:30:00,-51.6911,71.3489
ct182_866F_24,10,11-Jan-2025 05:00:00,-51.7763,71.4405
ct182_866F_24,11,11-Jan-2025 16:10:00,-52.1522,71.6235
ct182_866F_24,12,11-Jan-2025 16:50:00,-52.1495,71.6148
ct182_866F_24,13,12-Jan-2025 02:30:00,-52.5665,71.5271
ct182_866F_24,14,12-Jan-2025 15:30:00,-53.0791,72.0027
ct182_866F_24,15,12-Jan-2025 16:50:00,-53.154,71.9697
ct182_866F_24,16,13-Jan-2025 02:20:00,-53.5877,71.8721
ct182_866F_24,17,13-Jan-2025 16:00:00,-54.0707,71.8428
ct182_866F_24,18,13-Jan-2025 19:00:00,-54.2361,71.9465
ct182_866F_24,19,13-Jan-2025 21:10:00,-54.3555,72.0215
ct182_866F_24,20,14-Jan-2025 03:20:00,-54.6027,72.1434
ct182_866F_24,21,14-Jan-2025 03:50:00,-54.6303,72.1699
ct182_866F_24,22,14-Jan-2025 15:30:00,-55.0837,72.4218
ct182_866F_24,23,14-Jan-2025 19:50:00,-55.3532,72.693
ct182_866F_24,24,15-Jan-2025 03:10:00,-55.4579,72.7186
ct182_866F_24,25,15-Jan-2025 15:50:00,-56.0339,73.37
ct182_866F_24,26,15-Jan-2025 16:10:00,-56.0485,73.3894
ct182_866F_24,27,15-Jan-2025 19:10:00,-56.0347,73.3143
ct182_866F_24,28,16-Jan-2025 08:20:00,-56.6188,73.3967
ct182_866F_24,29,16-Jan-2025 15:30:00,-56.751,73.2013
ct182_866F_24,30,16-Jan-2025 20:10:00,-56.8419,73.0785
ct182_866F_24,31,17-Jan-2025 07:50:00,-57.2704,73.7109
ct182_866F_24,32,17-Jan-2025 19:50:00,-57.7753,73.7768
ct182_866F_24,33,18-Jan-2025 03:20:00,-58.0758,73.9101
ct182_866F_24,34,18-Jan-2025 14:30:00,-58.4911,74.1687
ct182_866F_24,35,19-Jan-2025 03:20:00,-59.082,74.6996
ct182_866F_24,36,19-Jan-2025 07:10:00,-59.2369,74.805
ct182_866F_24,37,19-Jan-2025 15:20:00,-59.5044,75.0418
ct182_866F_24,38,19-Jan-2025 23:30:00,-59.8268,74.885
ct182_866F_24,39,20-Jan-2025 02:10:00,-59.9446,74.9837
ct182_866F_24,40,20-Jan-2025 02:40:00,-59.962,75.0007
ct182_866F_24,41,20-Jan-2025 07:00:00,-60.1404,75.035
ct182_866F_24,42,20-Jan-2025 14:30:00,-60.5146,75.476
ct182_866F_24,43,21-Jan-2025 02:40:00,-60.969,75.76
ct182_866F_24,44,21-Jan-2025 14:40:00,-61.5536,76.1886
ct182_866F_24,45,22-Jan-2025 02:20:00,-61.9951,76.3143
ct182_866F_24,46,22-Jan-2025 04:40:00,-62.0752,76.3881
ct182_866F_24,47,22-Jan-2025 15:00:00,-62.5968,76.9596
ct182_866F_24,48,23-Jan-2025 02:50:00,-63.0474,77.3098
ct182_866F_24,49,23-Jan-2025 14:20:00,-63.5364,77.809
ct182_866F_24,50,24-Jan-2025 02:40:00,-63.9858,78.0768
ct182_866F_24,51,24-Jan-2025 06:40:00,-64.1725,78.2293
ct182_866F_24,52,24-Jan-2025 14:40:00,-64.5159,78.1875
ct182_866F_24,53,24-Jan-2025 16:20:00,-64.5401,78.2383
ct182_866F_24,54,25-Jan-2025 03:00:00,-64.7086,78.8379
ct182_866F_24,55,25-Jan-2025 07:40:00,-64.9233,79.0202
ct182_866F_24,56,25-Jan-2025 14:20:00,-65.1322,79.2521
ct182_866F_24,57,26-Jan-2025 02:40:00,-65.6122,79.2054
ct182_866F_24,58,26-Jan-2025 04:20:00,-65.6823,79.2707
ct182_866F_24,59,26-Jan-2025 05:40:00,-65.7383,79.323
ct182_866F_24,60,26-Jan-2025 09:30:00,-65.7933,79.3097
ct182_866F_24,61,26-Jan-2025 14:20:00,-65.9841,79.3544
ct182_866F_24,62,27-Jan-2025 01:10:00,-66.4954,78.9054
ct182_866F_24,63,27-Jan-2025 01:40:00,-66.5179,78.8815
ct182_866F_24,64,27-Jan-2025 21:20:00,-66.8715,79.0876
ct182_866F_24,65,28-Jan-2025 03:10:00,-66.9458,78.9401
ct182_866F_24,66,28-Jan-2025 15:20:00,-67.1202,78.7622
ct182_866F_24,67,28-Jan-2025 19:20:00,-67.2042,79.0228
ct182_866F_24,68,28-Jan-2025 19:50:00,-67.2161,79.0312
ct182_866F_24,69,29-Jan-2025 03:10:00,-67.3059,79.3989
ct182_866F_24,70,29-Jan-2025 15:00:00,-67.2338,79.2456
ct182_866F_24,71,29-Jan-2025 16:20:00,-67.2076,79.2616
ct182_866F_24,72,29-Jan-2025 17:50:00,-67.216,79.2539
ct182_866F_24,73,30-Jan-2025 03:20:00,-67.2214,79.3458
ct182_866F_24,74,30-Jan-2025 18:10:00,-67.192,79.3075
ct182_866F_24,75,31-Jan-2025 03:00:00,-67.2905,80.1339
ct182_866F_24,76,31-Jan-2025 09:30:00,-67.241,79.8789
ct182_866F_24,77,31-Jan-2025 10:50:00,-67.1937,79.7786
ct182_866F_24,78,31-Jan-2025 15:10:00,-67.1357,79.695
ct182_866F_24,79,01-Feb-2025 03:10:00,-67.0025,79.5141
ct182_866F_24,80,01-Feb-2025 15:20:00,-67.0002,79.604
ct182_866F_24,81,01-Feb-2025 18:50:00,-67.1104,79.8516
ct182_866F_24,82,01-Feb-2025 22:10:00,-67.1568,79.9599
ct182_866F_24,83,01-Feb-2025 23:20:00,-67.2129,79.9194
ct182_866F_24,84,02-Feb-2025 02:20:00,-67.194,80.0655
ct182_866F_24,85,02-Feb-2025 14:30:00,-67.1479,79.8755
ct182_866F_24,86,03-Feb-2025 08:10:00,-67.0605,79.9486
ct182_866F_24,87,03-Feb-2025 14:20:00,-67.1173,80.1913
ct182_866F_24,88,04-Feb-2025 03:00:00,-67.3762,80.4877
ct182_866F_24,89,04-Feb-2025 03:20:00,-67.3789,80.4875
ct182_866F_24,90,04-Feb-2025 15:00:00,-67.3975,80.5439
ct182_866F_24,91,05-Feb-2025 03:20:00,-67.4233,80.5578
ct182_866F_24,92,05-Feb-2025 03:50:00,-67.4506,80.5109
ct182_866F_24,93,05-Feb-2025 14:40:00,-67.578,80.3661
ct182_866F_24,94,05-Feb-2025 15:40:00,-67.5918,80.3585
ct182_953F_24,1,03-Jan-2025 23:10:00,-49.4556,70.1932
ct182_953F_24,2,03-Jan-2025 23:30:00,-49.4601,70.1893
ct182_953F_24,3,04-Jan-2025 09:00:00,-49.7025,70.4614
ct182_953F_24,4,04-Jan-2025 09:50:00,-49.7022,70.4631
ct182_953F_24,5,04-Jan-2025 11:20:00,-49.7016,70.4662
ct182_953F_24,6,04-Jan-2025 15:40:00,-49.8344,70.6326
ct182_953F_24,7,04-Jan-2025 16:30:00,-49.883,70.6861
ct182_953F_24,8,05-Jan-2025 03:10:00,-50.2051,71.0503
ct182_953F_24,9,05-Jan-2025 04:30:00,-50.2493,71.0889
ct182_953F_24,10,05-Jan-2025 14:20:00,-50.5712,71.3917
ct182_953F_24,11,06-Jan-2025 03:00:00,-50.736,71.5004
ct182_953F_24,12,06-Jan-2025 15:10:00,-51.4231,72.0673
ct182_953F_24,13,06-Jan-2025 16:10:00,-51.471,72.0186
ct182_953F_24,14,06-Jan-2025 16:40:00,-51.4949,71.9942
ct182_953F_24,15,07-Jan-2025 03:00:00,-51.5484,72.449
ct182_953F_24,16,07-Jan-2025 03:30:00,-51.5405,72.4845
ct182_953F_24,17,07-Jan-2025 05:50:00,-51.6106,72.5131
ct182_953F_24,18,07-Jan-2025 14:30:00,-51.8283,72.7579
ct182_953F_24,19,08-Jan-2025 03:00:00,-52.2052,73.1008
ct182_953F_24,20,08-Jan-2025 15:10:00,-52.6421,73.1704
ct182_953F_24,21,09-Jan-2025 06:30:00,-52.9055,74.1026
ct182_953F_24,22,09-Jan-2025 08:00:00,-52.9207,74.2007
ct182_953F_24,23,09-Jan-2025 09:10:00,-52.9326,74.1448
ct182_953F_24,24,09-Jan-2025 15:30:00,-53.2931,74.4295
ct182_953F_24,25,09-Jan-2025 15:40:00,-53.3047,74.4414
ct182_953F_24,26,10-Jan-2025 03:10:00,-53.5328,74.3713
ct182_953F_24,27,10-Jan-2025 04:50:00,-53.5686,74.5324
ct182_953F_24,28,10-Jan-2025 15:00:00,-53.933,74.7121
ct182_953F_24,29,10-Jan-2025 15:50:00,-53.988,74.7433
ct182_953F_24,30,11-Jan-2025 04:20:00,-54.1871,75.242
ct182_953F_24,31,11-Jan-2025 08:00:00,-54.2352,75.371
ct182_953F_24,32,11-Jan-2025 15:40:00,-54.6113,75.5071
ct182_953F_24,33,11-Jan-2025 22:20:00,-54.7782,75.454
ct182_953F_24,34,11-Jan-2025 23:30:00,-54.7532,75.4762
ct182_953F_24,35,12-Jan-2025 04:20:00,-54.7462,75.5017
ct182_953F_24,36,12-Jan-2025 17:10:00,-55.1771,76.044
ct182_953F_24,37,13-Jan-2025 03:30:00,-55.5223,76.0956
ct182_953F_24,38,13-Jan-2025 06:20:00,-55.6622,76.171
ct182_953F_24,39,13-Jan-2025 15:40:00,-55.7081,76.4689
ct182_953F_24,40,13-Jan-2025 23:20:00,-56.0343,76.8787
ct182_953F_24,41,14-Jan-2025 03:00:00,-56.1046,77.1564
ct182_953F_24,42,14-Jan-2025 05:50:00,-56.1234,77.2319
ct182_953F_24,43,14-Jan-2025 15:10:00,-56.2269,77.5745
ct182_953F_24,44,15-Jan-2025 03:10:00,-56.6493,78.0693
ct182_953F_24,45,15-Jan-2025 03:30:00,-56.6679,78.0907
ct182_953F_24,46,15-Jan-2025 06:00:00,-56.7058,78.0718
ct182_953F_24,47,15-Jan-2025 15:00:00,-56.9731,78.2881
ct182_953F_24,48,15-Jan-2025 23:00:00,-57.2564,78.6426
ct182_953F_24,49,16-Jan-2025 10:50:00,-57.66,79.1101
ct182_953F_24,50,16-Jan-2025 15:10:00,-57.8644,79.1589
ct182_953F_24,51,16-Jan-2025 22:10:00,-57.9961,79.3521
ct182_953F_24,52,16-Jan-2025 23:40:00,-57.9828,79.2973
ct182_953F_24,53,17-Jan-2025 02:10:00,-58.1266,79.4779
ct182_953F_24,54,17-Jan-2025 03:10:00,-58.1847,79.5527
ct182_953F_24,55,17-Jan-2025 15:10:00,-58.5622,79.8402
ct182_953F_24,56,17-Jan-2025 23:30:00,-58.8181,80.4128
ct182_953F_24,57,18-Jan-2025 03:00:00,-58.8743,80.3527
ct182_953F_24,58,18-Jan-2025 05:40:00,-59.0034,80.4033
ct182_953F_24,59,18-Jan-2025 15:00:00,-59.2973,81.0265
ct182_953F_24,60,19-Jan-2025 02:20:00,-59.6252,81.5502
ct182_953F_24,61,19-Jan-2025 15:00:00,-59.9482,81.9686
ct182_953F_24,62,19-Jan-2025 22:30:00,-60.2131,82.3535
ct182_953F_24,63,19-Jan-2025 23:20:00,-60.258,82.3916
ct182_953F_24,64,20-Jan-2025 03:00:00,-60.3487,82.6735
ct182_953F_24,65,20-Jan-2025 04:50:00,-60.4075,82.6896
ct182_953F_24,66,20-Jan-2025 15:10:00,-60.6294,82.839
ct182_953F_24,67,20-Jan-2025 23:00:00,-60.8172,83.3287
ct182_953F_24,68,21-Jan-2025 03:00:00,-61.0488,83.2906
ct182_953F_24,69,21-Jan-2025 03:20:00,-61.0596,83.3064
ct182_953F_24,70,21-Jan-2025 04:10:00,-61.0866,83.3461
ct182_953F_24,71,21-Jan-2025 05:40:00,-61.1352,83.4176
ct182_953F_24,72,21-Jan-2025 15:10:00,-61.1239,83.7164
ct182_953F_24,73,21-Jan-2025 21:40:00,-61.5004,83.9658
ct182_953F_24,74,22-Jan-2025 03:00:00,-61.5816,84.0913
ct182_953F_24,75,22-Jan-2025 03:50:00,-61.5504,84.0293
ct182_953F_24,76,22-Jan-2025 15:00:00,-61.8381,84.8332
ct182_953F_24,77,22-Jan-2025 15:20:00,-61.849,84.8384
ct182_953F_24,78,22-Jan-2025 22:10:00,-61.974,84.9766
ct182_953F_24,79,23-Jan-2025 03:20:00,-62.1513,85.2302
ct182_953F_24,80,23-Jan-2025 05:10:00,-62.1364,85.3043
ct182_953F_24,81,23-Jan-2025 07:00:00,-62.2078,85.461
ct182_953F_24,82,23-Jan-2025 09:50:00,-62.3046,85.4239
ct182_953F_24,83,23-Jan-2025 15:10:00,-62.277,85.934
ct182_953F_24,84,24-Jan-2025 06:10:00,-62.5511,86.2899
ct182_953F_24,85,24-Jan-2025 06:50:00,-62.5676,86.295
ct182_953F_24,86,24-Jan-2025 08:20:00,-62.6047,86.3065
ct182_953F_24,87,24-Jan-2025 09:10:00,-62.6253,86.3128
ct182_953F_24,88,24-Jan-2025 15:00:00,-62.7,86.6291
ct182_953F_24,89,25-Jan-2025 03:00:00,-62.8345,86.9075
ct182_953F_24,90,25-Jan-2025 07:00:00,-62.9315,86.9796
ct182_953F_24,91,25-Jan-2025 09:50:00,-62.9493,87.1125
ct182_953F_24,92,25-Jan-2025 15:10:00,-63.0408,87.482
ct182_953F_24,93,25-Jan-2025 23:20:00,-63.2764,87.8176
ct182_953F_24,94,26-Jan-2025 02:20:00,-63.3675,87.9166
ct182_953F_24,95,26-Jan-2025 15:10:00,-63.6942,88.387
ct182_953F_24,96,26-Jan-2025 15:30:00,-63.703,88.3744
ct182_953F_24,97,26-Jan-2025 23:40:00,-63.9969,88.9076
ct182_953F_24,98,27-Jan-2025 03:10:00,-64.0264,88.8936
ct182_953F_24,99,27-Jan-2025 05:50:00,-64.0678,88.9737
ct182_953F_24,100,27-Jan-2025 06:10:00,-64.0688,88.9901
ct182_953F_24,101,27-Jan-2025 15:10:00,-64.3498,89.3799
ct182_953F_24,102,28-Jan-2025 03:10:00,-64.4407,89.5611
ct182_953F_24,103,28-Jan-2025 04:10:00,-64.4323,89.5858
ct182_953F_24,104,28-Jan-2025 10:50:00,-64.516,89.972
ct182_953F_24,105,28-Jan-2025 11:30:00,-64.551,89.9901
ct182_953F_24,106,28-Jan-2025 13:40:00,-64.6497,90.071
ct182_953F_24,107,29-Jan-2025 03:10:00,-64.8222,90.3816
ct182_953F_24,108,29-Jan-2025 08:20:00,-64.8717,90.6942
ct182_953F_24,109,29-Jan-2025 15:10:00,-65.0475,91.2632
ct182_953F_24,110,29-Jan-2025 16:30:00,-65.0205,91.3166
ct182_953F_24,111,29-Jan-2025 21:50:00,-65.1994,91.5853
ct182_953F_24,112,30-Jan-2025 03:10:00,-65.2352,91.9123
ct182_953F_24,113,30-Jan-2025 20:10:00,-65.2905,92.2826
ct182_953F_24,114,31-Jan-2025 09:10:00,-65.3825,92.48
ct182_953F_24,115,31-Jan-2025 21:10:00,-65.3274,92.3287
ct182_953F_24,116,01-Feb-2025 02:20:00,-65.3906,92.3289
ct182_953F_24,117,01-Feb-2025 07:30:00,-65.5116,92.5378
ct182_953F_24,118,01-Feb-2025 14:10:00,-65.6054,93.0477
ct182_953F_24,119,02-Feb-2025 02:20:00,-65.7038,93.5945
ct182_953F_24,120,02-Feb-2025 09:20:00,-65.7236,93.7253
ct182_953F_24,121,02-Feb-2025 15:00:00,-65.722,93.588
ct182_953F_24,122,03-Feb-2025 03:20:00,-65.8481,93.1713
ct182_953F_24,123,03-Feb-2025 04:10:00,-65.8474,93.1684
ct182_953F_24,124,03-Feb-2025 15:10:00,-65.9639,93.2072
ct182_953F_24,125,04-Feb-2025 03:10:00,-65.7182,92.818
ct182_953F_24,126,04-Feb-2025 05:10:00,-65.684,92.8216
ct182_953F_24,127,04-Feb-2025 18:40:00,-65.7728,92.9786
ct182_953F_24,128,05-Feb-2025 03:20:00,-65.8342,93.0812
ct182_953F_24,129,05-Feb-2025 15:30:00,-65.9205,93.2253
ct182_953F_24,130,05-Feb-2025 19:50:00,-65.8638,93.1117
ct182_953F_24,131,06-Feb-2025 08:10:00,-65.8288,92.8568
ct182_953F_24,132,06-Feb-2025 09:10:00,-65.8591,92.8913
ct182_953F_24,133,06-Feb-2025 10:00:00,-65.8844,92.92
ct182_953F_24,134,06-Feb-2025 14:00:00,-65.9961,93.065
ct182_953F_24,135,06-Feb-2025 18:30:00,-65.9146,93.3887
ct182_953F_24,136,07-Feb-2025 03:00:00,-65.9557,93.1787
ct182_953F_24,137,07-Feb-2025 03:50:00,-65.9679,93.0789
ct182_953F_24,138,07-Feb-2025 08:50:00,-66.098,93.1887
ct182_953F_24,139,07-Feb-2025 15:00:00,-66.1468,93.1485
ct182_953F_24,140,08-Feb-2025 03:00:00,-66.2324,93.7258
ct182_953F_24,141,08-Feb-2025 03:40:00,-66.2552,93.7215
ct182_953F_24,142,08-Feb-2025 11:30:00,-66.2184,94.0923
ct182_953F_24,143,08-Feb-2025 15:10:00,-66.3615,93.9098
ct182_953F_24,144,09-Feb-2025 07:20:00,-66.5153,94.6041
ct182_953F_24,145,09-Feb-2025 15:50:00,-66.4871,94.6459
ct182_953F_24,146,09-Feb-2025 18:40:00,-66.5177,94.5368
ct182_953F_24,147,09-Feb-2025 22:00:00,-66.6257,94.4889
ct182_953F_24,148,09-Feb-2025 22:40:00,-66.6584,94.5547
ct182_953F_24,149,10-Feb-2025 03:20:00,-66.6829,94.46
ct182_953F_24,150,10-Feb-2025 07:40:00,-66.8202,93.9944
ct182_953F_24,151,10-Feb-2025 14:20:00,-66.6021,93.9381
ct182_953F_24,152,11-Feb-2025 02:20:00,-66.4377,94.1652
ct182_953F_24,153,11-Feb-2025 15:10:00,-66.2482,93.8697
ct182_953F_24,154,11-Feb-2025 18:30:00,-66.2639,94.3029
ct182_953F_24,155,11-Feb-2025 19:00:00,-66.2469,94.3337
ct182_953F_24,156,12-Feb-2025 02:10:00,-66.3029,94.5911
ct182_953F_24,157,12-Feb-2025 03:00:00,-66.3054,94.5788
ct182_953F_24,158,12-Feb-2025 15:10:00,-66.4935,94.7608
ct182_953F_24,159,12-Feb-2025 16:00:00,-66.5142,94.577
ct182_953F_24,160,12-Feb-2025 17:40:00,-66.4571,94.5542
ct182_953F_24,161,12-Feb-2025 18:00:00,-66.4438,94.556
ct182_953F_24,162,13-Feb-2025 01:10:00,-66.3333,94.3596
ct182_953F_24,163,13-Feb-2025 14:50:00,-66.1844,93.7526
ct182_953F_24,164,13-Feb-2025 16:50:00,-66.1116,93.7403
ct182_953F_24,165,13-Feb-2025 20:40:00,-66.033,93.9596
ct182_953F_24,166,14-Feb-2025 02:30:00,-66.0225,93.6894
ct182_953F_24,167,14-Feb-2025 15:00:00,-66.1659,93.3742
ct182_953F_24,168,14-Feb-2025 17:20:00,-66.0956,93.2798
ct182_953F_24,169,15-Feb-2025 03:20:00,-66.2034,92.8393
ct182_953F_24,170,15-Feb-2025 07:30:00,-66.3474,92.2852
ct182_953F_24,171,15-Feb-2025 16:30:00,-66.3864,92.3371
ct182_953F_24,172,15-Feb-2025 18:10:00,-66.3997,92.4053
ct182_953F_24,173,15-Feb-2025 22:50:00,-66.3806,92.1102
ct182_953F_24,174,15-Feb-2025 23:40:00,-66.3373,91.9665
ct182_953F_24,175,16-Feb-2025 01:20:00,-66.2727,91.8477
ct182_953F_24,176,16-Feb-2025 15:30:00,-66.2852,91.5308
ct182_953F_24,177,16-Feb-2025 15:50:00,-66.2851,91.5589
ct182_953F_24,178,17-Feb-2025 03:10:00,-66.2885,91.2253
ct182_953F_24,179,17-Feb-2025 08:50:00,-66.2705,91.698
ct182_953F_24,180,17-Feb-2025 17:00:00,-66.2701,91.4875
ct182_953F_24,181,17-Feb-2025 18:30:00,-66.201,91.5154
ct182_953F_24,182,18-Feb-2025 03:30:00,-66.1932,91.2941
ct182_953F_24,183,18-Feb-2025 15:10:00,-66.2321,91.0468
ct182_953F_24,184,19-Feb-2025 02:20:00,-66.3475,90.9455
ct182_953F_24,185,19-Feb-2025 06:10:00,-66.2687,91.1528
ct182_953F_24,186,19-Feb-2025 14:20:00,-66.0462,91.3889
ct182_953F_24,187,19-Feb-2025 15:50:00,-66.0396,91.3731
ct182_953F_24,188,20-Feb-2025 03:20:00,-65.7865,92.0703
ct182_953F_24,189,20-Feb-2025 15:30:00,-65.6688,92.1462
ct182_953F_24,190,20-Feb-2025 18:40:00,-65.6847,92.5587
ct182_953F_24,191,20-Feb-2025 21:50:00,-65.6384,92.695
ct182_953F_24,192,21-Feb-2025 02:20:00,-65.5966,93.0512
ct182_953F_24,193,21-Feb-2025 15:40:00,-65.5052,93.68
ct182_953F_24,194,21-Feb-2025 22:00:00,-65.5059,93.3824
ct182_953F_24,195,21-Feb-2025 23:40:00,-65.5938,93.4687
ct182_953F_24,196,22-Feb-2025 01:10:00,-65.6103,93.6646
ct182_953F_24,197,22-Feb-2025 14:30:00,-65.7138,94.4313
ct182_953F_24,198,22-Feb-2025 20:50:00,-65.7341,94.425
ct182_953F_24,199,23-Feb-2025 01:40:00,-65.8224,94.5028
ct182_953F_24,200,23-Feb-2025 14:00:00,-65.8266,95.4846
ct182_953F_24,201,24-Feb-2025 02:40:00,-65.6434,95.6574
ct182_953F_24,202,24-Feb-2025 15:10:00,-65.1435,95.2927
ct182_953F_24,203,24-Feb-2025 16:40:00,-65.1049,95.2641
ct182_953F_24,204,25-Feb-2025 15:10:00,-64.5639,95.554
ct182_953F_24,205,25-Feb-2025 23:20:00,-64.4465,95.8412
ct182_953F_24,206,26-Feb-2025 03:20:00,-64.4093,95.7694
ct182_953F_24,207,26-Feb-2025 06:10:00,-64.419,95.86
ct182_953F_24,208,26-Feb-2025 16:20:00,-64.1293,96.0668
ct182_953F_24,209,26-Feb-2025 17:10:00,-64.1255,96.1781
ct182_953F_24,210,27-Feb-2025 03:00:00,-63.8565,96.687
ct182_953F_24,211,27-Feb-2025 03:50:00,-63.8448,96.7672
ct182_953F_24,212,27-Feb-2025 07:00:00,-63.8438,96.9756
ct182_953F_24,213,27-Feb-2025 17:00:00,-63.8482,97.5177
ct182_953F_24,214,27-Feb-2025 18:30:00,-63.8142,97.6058
ct182_953F_24,215,27-Feb-2025 19:50:00,-63.7963,97.6718
ct182_953F_24,216,28-Feb-2025 03:00:00,-63.8101,97.9824
ct182_953F_24,217,28-Feb-2025 15:50:00,-63.902,99.1678
ct182_953F_24,218,01-Mar-2025 00:00:00,-63.9336,99.4737
ct182_953F_24,219,01-Mar-2025 02:30:00,-63.8774,99.5719
ct182_953F_24,220,01-Mar-2025 15:20:00,-63.9952,100.2498
ct182_953F_24,221,02-Mar-2025 02:30:00,-64.0495,100.524
ct182_953F_24,222,02-Mar-2025 16:00:00,-64.0411,100.9221
ct182_953F_24,223,02-Mar-2025 16:20:00,-64.0388,101.0294
ct182_953F_24,224,02-Mar-2025 19:10:00,-64.026,101.1928
ct182_953F_24,225,02-Mar-2025 19:30:00,-64.0241,101.2214
ct182_953F_24,226,03-Mar-2025 01:30:00,-64.3313,101.1628
ct182_953F_24,227,03-Mar-2025 15:30:00,-64.3473,101.8998
ct182_953F_24,228,03-Mar-2025 21:00:00,-64.4403,101.9904
ct182_953F_24,229,03-Mar-2025 22:10:00,-64.4613,101.8858
ct182_953F_24,230,04-Mar-2025 02:30:00,-64.5042,102.1762
ct182_953F_24,231,04-Mar-2025 04:00:00,-64.5757,102.2308
ct182_953F_24,232,04-Mar-2025 21:30:00,-64.5966,102.9794
ct182_953F_24,233,04-Mar-2025 22:30:00,-64.5993,102.9758
ct182_953F_24,234,05-Mar-2025 00:00:00,-64.6172,103.0552
ct182_953F_24,235,05-Mar-2025 15:10:00,-64.7985,103.3787
ct182_953F_24,236,05-Mar-2025 15:30:00,-64.8032,103.3823
ct182_953F_24,237,05-Mar-2025 16:40:00,-64.8011,103.3904
ct182_953F_24,238,06-Mar-2025 00:00:00,-64.7735,103.8214
ct182_953F_24,239,06-Mar-2025 15:10:00,-64.9762,104.2499
ct182_953F_24,240,07-Mar-2025 03:20:00,-65.2718,104.6309
ct182_953F_24,241,07-Mar-2025 10:30:00,-65.1166,104.1511
ct182_953F_24,242,07-Mar-2025 14:40:00,-64.9419,103.9057
ct182_953F_24,243,07-Mar-2025 23:20:00,-64.9786,104.1213
ct182_953F_24,244,08-Mar-2025 01:20:00,-64.9148,104.1972
ct182_953F_24,245,08-Mar-2025 15:30:00,-64.7475,104.1478
ct182_953F_24,246,08-Mar-2025 20:00:00,-64.7634,104.4608
ct182_953F_24,247,08-Mar-2025 23:10:00,-64.7814,104.5761
ct182_953F_24,248,09-Mar-2025 14:10:00,-64.8543,104.6192
ct182_953F_24,249,09-Mar-2025 14:40:00,-64.8626,104.5439
ct182_959F_24,1,13-Jan-2025 22:00:00,-49.6366,70.4018
ct182_959F_24,2,13-Jan-2025 23:30:00,-49.6954,70.4885
ct182_959F_24,3,14-Jan-2025 03:10:00,-49.8561,70.7471
ct182_959F_24,4,14-Jan-2025 03:50:00,-49.8733,70.7805
ct182_959F_24,5,14-Jan-2025 04:30:00,-49.8963,70.8039
ct182_959F_24,6,14-Jan-2025 15:00:00,-50.0976,71.2121
ct182_959F_24,7,15-Jan-2025 03:10:00,-50.4265,71.8681
ct182_959F_24,8,15-Jan-2025 14:10:00,-50.6498,72.3372
ct182_959F_24,9,16-Jan-2025 03:00:00,-50.9737,72.7619
ct182_959F_24,10,16-Jan-2025 03:30:00,-50.9814,72.8011
ct182_959F_24,11,16-Jan-2025 15:00:00,-51.1559,73.5784
ct182_959F_24,12,16-Jan-2025 17:10:00,-51.1503,73.6258
ct182_959F_24,13,17-Jan-2025 03:10:00,-51.3766,74.1832
ct182_959F_24,14,17-Jan-2025 15:40:00,-51.4736,74.7935
ct182_959F_24,15,17-Jan-2025 16:40:00,-51.5184,74.8
ct182_959F_24,16,17-Jan-2025 20:40:00,-51.6514,74.8941
ct182_959F_24,17,18-Jan-2025 03:50:00,-51.8306,75.2858
ct182_959F_24,18,18-Jan-2025 04:10:00,-51.8427,75.3038
ct182_959F_24,19,18-Jan-2025 11:20:00,-51.9328,75.5437
ct182_959F_24,20,18-Jan-2025 15:10:00,-52.0633,75.6798
ct182_959F_24,21,18-Jan-2025 17:10:00,-52.1302,75.7777
ct182_959F_24,22,19-Jan-2025 03:10:00,-52.36,76.3533
ct182_959F_24,23,19-Jan-2025 05:40:00,-52.4037,76.3504
ct182_959F_24,24,19-Jan-2025 15:10:00,-52.7155,76.8747
ct182_959F_24,25,19-Jan-2025 16:50:00,-52.7439,76.9303
ct182_959F_24,26,20-Jan-2025 03:30:00,-53.0052,77.5701
ct182_959F_24,27,20-Jan-2025 05:40:00,-53.111,77.7146
ct182_959F_24,28,20-Jan-2025 15:00:00,-53.1523,78.4278
ct182_959F_24,29,20-Jan-2025 16:40:00,-53.1851,78.5284
ct182_959F_24,30,20-Jan-2025 18:30:00,-53.2057,78.5701
ct182_959F_24,31,21-Jan-2025 03:00:00,-53.3713,79.2455
ct182_959F_24,32,21-Jan-2025 03:50:00,-53.3892,79.3177
ct182_959F_24,33,21-Jan-2025 08:20:00,-53.5132,79.7028
ct182_959F_24,34,21-Jan-2025 08:50:00,-53.5325,79.7495
ct182_959F_24,35,21-Jan-2025 15:00:00,-53.7472,80.2124
ct182_959F_24,36,21-Jan-2025 19:20:00,-53.9471,80.2788
ct182_959F_24,37,22-Jan-2025 03:00:00,-54.1506,80.6593
ct182_959F_24,38,22-Jan-2025 10:00:00,-54.3528,80.9516
ct182_959F_24,39,22-Jan-2025 15:10:00,-54.4897,81.1704
ct182_959F_24,40,23-Jan-2025 03:00:00,-54.7678,81.7409
ct182_959F_24,41,23-Jan-2025 08:00:00,-54.8941,82.0147
ct182_959F_24,42,23-Jan-2025 15:20:00,-55.0864,82.0952
ct182_959F_24,43,23-Jan-2025 20:10:00,-55.1768,82.3593
ct182_959F_24,44,24-Jan-2025 03:00:00,-55.3314,82.6311
ct182_959F_24,45,24-Jan-2025 03:50:00,-55.3424,82.6593
ct182_959F_24,46,24-Jan-2025 05:40:00,-55.3962,82.7759
ct182_959F_24,47,24-Jan-2025 17:20:00,-55.6238,83.1988
ct182_959F_24,48,25-Jan-2025 02:20:00,-55.8165,83.5491
ct182_959F_24,49,25-Jan-2025 06:30:00,-55.9578,83.7001
ct182_959F_24,50,25-Jan-2025 15:10:00,-56.2451,84.0097
ct182_959F_24,51,25-Jan-2025 15:40:00,-56.2473,84.0038
ct182_959F_24,52,26-Jan-2025 03:10:00,-56.5871,84.6249
ct182_959F_24,53,26-Jan-2025 04:00:00,-56.5933,84.6313
ct182_959F_24,54,26-Jan-2025 08:10:00,-56.7115,84.9786
ct182_959F_24,55,26-Jan-2025 08:20:00,-56.7161,84.9897
ct182_959F_24,56,26-Jan-2025 15:00:00,-56.8737,85.2953
ct182_959F_24,57,26-Jan-2025 17:50:00,-56.9785,85.5484
ct182_959F_24,58,26-Jan-2025 18:40:00,-57.0129,85.6007
ct182_959F_24,59,27-Jan-2025 03:10:00,-57.2614,86.046
ct182_959F_24,60,27-Jan-2025 15:50:00,-57.5281,86.7902
ct182_959F_24,61,28-Jan-2025 03:10:00,-57.9531,87.2823
ct182_959F_24,62,28-Jan-2025 04:10:00,-57.9743,87.2825
ct182_959F_24,63,28-Jan-2025 15:20:00,-58.2964,87.7815
ct182_959F_24,64,29-Jan-2025 03:20:00,-58.7496,88.1234
ct182_959F_24,65,29-Jan-2025 07:10:00,-58.8927,88.3098
ct182_959F_24,66,29-Jan-2025 16:30:00,-59.2056,88.5236
ct182_959F_24,67,29-Jan-2025 18:20:00,-59.2532,88.6154
ct182_959F_24,68,30-Jan-2025 02:40:00,-59.4969,88.8683
ct182_959F_24,69,30-Jan-2025 03:00:00,-59.5088,88.8944
ct182_959F_24,70,30-Jan-2025 15:10:00,-59.9782,89.2343
ct182_959F_24,71,30-Jan-2025 17:40:00,-60.0709,89.1621
ct182_959F_24,72,31-Jan-2025 03:20:00,-60.3859,89.2522
ct182_959F_24,73,31-Jan-2025 04:10:00,-60.4297,89.3204
ct182_959F_24,74,31-Jan-2025 17:40:00,-60.8922,89.9232
ct182_959F_24,75,01-Feb-2025 03:00:00,-61.1975,89.9986
ct182_959F_24,76,01-Feb-2025 06:30:00,-61.3244,90.1304
ct182_959F_24,77,01-Feb-2025 09:30:00,-61.4236,90.2482
ct182_959F_24,78,01-Feb-2025 16:40:00,-61.7194,90.2379
ct182_959F_24,79,01-Feb-2025 17:50:00,-61.7579,90.3401
ct182_959F_24,80,02-Feb-2025 03:10:00,-62.1433,90.5264
ct182_959F_24,81,02-Feb-2025 08:50:00,-62.3113,90.6965
ct182_959F_24,82,02-Feb-2025 16:00:00,-62.6413,90.859
ct182_959F_24,83,02-Feb-2025 16:10:00,-62.6442,90.8729
ct182_959F_24,84,02-Feb-2025 23:40:00,-62.8408,91.0609
ct182_959F_24,85,03-Feb-2025 02:10:00,-62.9348,91.1735
ct182_959F_24,86,03-Feb-2025 15:10:00,-63.4238,91.6356
ct182_959F_24,87,03-Feb-2025 21:40:00,-63.5528,91.8666
ct182_959F_24,88,04-Feb-2025 03:00:00,-63.6831,91.9866
ct182_959F_24,89,04-Feb-2025 05:10:00,-63.7164,92.053
ct182_959F_24,90,04-Feb-2025 15:20:00,-63.8897,92.3077
ct182_959F_24,91,04-Feb-2025 15:40:00,-63.9081,92.3014
ct182_959F_24,92,05-Feb-2025 02:20:00,-64.2085,92.8231
ct182_959F_24,93,05-Feb-2025 03:10:00,-64.2391,92.8686
ct182_959F_24,94,05-Feb-2025 14:30:00,-64.7151,93.535
ct182_959F_24,95,05-Feb-2025 16:00:00,-64.7162,93.4726
ct182_959F_24,96,06-Feb-2025 04:00:00,-64.9703,93.9108
ct182_959F_24,97,06-Feb-2025 04:40:00,-64.9869,93.9414
ct182_959F_24,98,06-Feb-2025 14:00:00,-65.1198,93.9865
ct182_959F_24,99,07-Feb-2025 02:10:00,-65.0608,94.105
ct182_959F_24,100,07-Feb-2025 15:10:00,-64.936,94.208
ct182_959F_24,101,08-Feb-2025 03:00:00,-64.9238,94.1684
ct182_959F_24,102,08-Feb-2025 15:00:00,-64.9686,94.1781
ct182_959F_24,103,08-Feb-2025 19:10:00,-65.101,94.0207
ct182_959F_24,104,09-Feb-2025 02:20:00,-65.0858,93.9102
ct182_959F_24,105,09-Feb-2025 15:10:00,-64.8982,93.9711
ct182_959F_24,106,09-Feb-2025 20:20:00,-64.7837,94.1772
ct182_959F_24,107,09-Feb-2025 21:20:00,-64.7746,94.1952
ct182_959F_24,108,10-Feb-2025 02:30:00,-64.7562,94.4321
ct182_959F_24,109,10-Feb-2025 15:10:00,-64.6939,94.9313
ct182_959F_24,110,10-Feb-2025 22:40:00,-64.5621,95.2745
ct182_959F_24,111,11-Feb-2025 03:10:00,-64.5232,95.5583
ct182_959F_24,112,11-Feb-2025 05:30:00,-64.4411,95.7032
ct182_959F_24,113,11-Feb-2025 12:10:00,-64.2416,96.0091
ct182_959F_24,114,12-Feb-2025 02:10:00,-64.1451,97.018
ct182_959F_24,115,12-Feb-2025 08:40:00,-64.233,97.5689
ct182_959F_24,116,12-Feb-2025 16:00:00,-64.1714,97.9783
ct182_959F_24,117,12-Feb-2025 17:10:00,-64.1821,98.1072
ct182_959F_24,118,13-Feb-2025 03:00:00,-64.256,98.7312
ct182_959F_24,119,13-Feb-2025 11:40:00,-64.3254,99.13
ct182_959F_24,120,13-Feb-2025 14:10:00,-64.3543,99.3106
ct182_959F_24,121,14-Feb-2025 02:20:00,-64.3471,99.9117
ct182_959F_24,122,14-Feb-2025 18:50:00,-64.2809,100.0705
ct182_959F_24,123,14-Feb-2025 22:10:00,-64.3139,99.9974
ct182_959F_24,124,15-Feb-2025 03:10:00,-64.2755,99.9989
ct182_959F_24,125,15-Feb-2025 16:40:00,-64.282,99.9155
ct182_959F_24,126,15-Feb-2025 17:40:00,-64.2813,99.8938
ct182_959F_24,127,16-Feb-2025 02:20:00,-64.2335,99.8588
ct182_959F_24,128,16-Feb-2025 14:20:00,-64.4183,100.0947
ct182_959F_24,129,17-Feb-2025 03:00:00,-64.4908,100.6837
ct182_959F_24,130,17-Feb-2025 15:00:00,-64.6872,100.9193
ct182_959F_24,131,17-Feb-2025 15:20:00,-64.6931,100.9447
ct182_959F_24,132,17-Feb-2025 19:50:00,-64.7184,101.1995
ct182_959F_24,133,18-Feb-2025 03:00:00,-64.7466,101.4072
ct182_959F_24,134,18-Feb-2025 07:00:00,-64.6891,101.483
ct182_959F_24,135,18-Feb-2025 15:10:00,-64.8662,101.5981
ct182_959F_24,136,18-Feb-2025 21:40:00,-64.8161,101.7376
ct182_959F_24,137,19-Feb-2025 03:20:00,-64.8285,101.8757
ct182_959F_24,138,19-Feb-2025 09:10:00,-64.7811,102.0977
ct182_959F_24,139,19-Feb-2025 15:00:00,-64.7748,102.2962
ct182_959F_24,140,20-Feb-2025 03:10:00,-64.9542,102.9988
ct182_959F_24,141,20-Feb-2025 15:20:00,-65.1056,103.8866
ct182_959F_24,142,21-Feb-2025 03:10:00,-65.0021,104.8192
ct182_959F_24,143,21-Feb-2025 04:10:00,-65.0164,104.9057
ct182_959F_24,144,21-Feb-2025 08:00:00,-65.0018,105.2295
ct182_959F_24,145,21-Feb-2025 15:20:00,-64.9757,105.7584
ct182_959F_24,146,22-Feb-2025 02:20:00,-65.2313,106.0785
ct182_959F_24,147,22-Feb-2025 16:10:00,-65.4009,106.8184
ct182_959F_24,148,22-Feb-2025 16:50:00,-65.4148,106.8363
ct182_959F_24,149,23-Feb-2025 02:50:00,-65.4875,107.3086
ct182_959F_24,150,23-Feb-2025 18:00:00,-65.6828,108.3174
ct182_959F_24,151,24-Feb-2025 03:10:00,-65.7601,108.7111
ct182_959F_24,152,24-Feb-2025 18:40:00,-65.9487,109.3351
ct182_959F_24,153,24-Feb-2025 21:20:00,-65.9732,109.4949
ct182_959F_24,154,24-Feb-2025 21:50:00,-65.9754,109.5122
ct182_959F_24,155,24-Feb-2025 22:20:00,-65.9776,109.5295
ct182_959F_24,156,25-Feb-2025 02:10:00,-65.9603,109.6469
ct182_959F_24,157,25-Feb-2025 15:00:00,-66.0052,109.8275
ct182_959F_24,158,25-Feb-2025 15:20:00,-65.9925,109.8808
ct182_959F_24,159,25-Feb-2025 18:40:00,-65.9766,109.7587
ct182_959F_24,160,25-Feb-2025 19:50:00,-65.9785,109.6901
ct182_959F_24,161,25-Feb-2025 22:40:00,-66.0287,109.5438
ct182_959F_24,162,26-Feb-2025 02:20:00,-66.0051,109.4877
ct182_959F_24,163,26-Feb-2025 03:50:00,-65.9685,109.4916
ct182_959F_24,164,27-Feb-2025 01:40:00,-66.061,109.2803
ct182_959F_24,165,27-Feb-2025 04:40:00,-66.0877,109.3443
ct182_959F_24,166,27-Feb-2025 15:10:00,-66.298,109.5308
ct182_959F_24,167,27-Feb-2025 21:50:00,-66.4048,109.6015
ct182_959F_24,168,28-Feb-2025 02:00:00,-66.4754,109.6809
ct182_959F_24,169,28-Feb-2025 14:30:00,-66.6235,110.047
ct182_959F_24,170,28-Feb-2025 19:50:00,-66.6662,110.2514
ct182_959F_24,171,01-Mar-2025 01:40:00,-66.5564,110.2513
ct182_959F_24,172,01-Mar-2025 22:20:00,-66.3853,110.4949
ct182_959F_24,173,01-Mar-2025 23:00:00,-66.3784,110.5009
ct182_959F_24,174,01-Mar-2025 23:30:00,-66.4075,110.448
ct182_959F_24,175,02-Mar-2025 00:00:00,-66.4372,110.3942
ct182_959F_24,176,02-Mar-2025 02:30:00,-66.4503,110.2596
ct182_959F_24,177,02-Mar-2025 14:20:00,-66.5081,110.0242
ct182_959F_24,178,02-Mar-2025 15:10:00,-66.486,109.978
ct182_959F_24,179,02-Mar-2025 17:50:00,-66.4618,109.8995
ct182_959F_24,180,03-Mar-2025 02:30:00,-66.4304,109.5959
ct182_959F_24,181,03-Mar-2025 16:40:00,-66.5101,109.1941
ct182_959F_24,182,03-Mar-2025 17:10:00,-66.5197,109.2214
ct182_959F_24,183,03-Mar-2025 20:40:00,-66.5623,109.0905
ct182_959F_24,184,03-Mar-2025 21:30:00,-66.5741,109.0709
ct182_959F_24,185,03-Mar-2025 22:40:00,-66.5727,109.0123
ct182_959F_24,186,04-Mar-2025 09:30:00,-66.6887,108.5566
ct182_959F_24,187,04-Mar-2025 15:40:00,-66.6606,108.4694
ct182_959F_24,188,04-Mar-2025 16:30:00,-66.648,108.5096
ct182_959F_24,189,04-Mar-2025 22:00:00,-66.6696,108.7132
ct182_959F_24,190,05-Mar-2025 02:30:00,-66.7805,109.0075
ct182_959F_24,191,05-Mar-2025 04:20:00,-66.7979,109.1269
ct182_959F_24,192,05-Mar-2025 14:10:00,-66.7661,109.5224
ct182_959F_24,193,05-Mar-2025 14:40:00,-66.7612,109.5214
ct182_959F_24,194,06-Mar-2025 03:20:00,-66.5856,109.4844
ct182_959F_24,195,06-Mar-2025 04:10:00,-66.5719,109.4844
ct182_959F_24,196,06-Mar-2025 15:10:00,-66.6093,109.6203
ct182_959F_24,197,06-Mar-2025 16:20:00,-66.6068,109.6328
ct182_959F_24,198,06-Mar-2025 18:40:00,-66.5801,109.6144
ct182_959F_24,199,07-Mar-2025 02:10:00,-66.6306,109.5516
ct182_959F_24,200,07-Mar-2025 08:10:00,-66.628,109.5617
ct182_959F_24,201,07-Mar-2025 15:10:00,-66.6152,109.4389
ct182_959F_24,202,07-Mar-2025 18:20:00,-66.6393,109.3762
ct182_959F_24,203,07-Mar-2025 18:50:00,-66.6441,109.3485
ct182_959F_24,204,08-Mar-2025 03:10:00,-66.6553,109.4582
ct182_959F_24,205,08-Mar-2025 15:10:00,-66.6196,109.4086
ct182_959F_24,206,08-Mar-2025 17:20:00,-66.6286,109.457
ct182_959F_24,207,08-Mar-2025 17:50:00,-66.619,109.4252
ct182_959F_24,208,08-Mar-2025 22:40:00,-66.5792,109.2631
ct182_959F_24,209,09-Mar-2025 15:40:00,-66.5021,109.2873
